Data,Otwarcie,Najwyzszy,Najnizszy,Zamkniecie
2018-01-02,2.4235,2.4815,2.4217,2.4633
2018-01-03,2.4688,2.471,2.4398,2.449
2018-01-04,2.4616,2.487,2.4489,2.4562
2018-01-05,2.4581,2.48,2.4328,2.4799
2018-01-08,2.4836,2.4891,2.4618,2.48
2018-01-09,2.4946,2.555,2.486,2.553
2018-01-10,2.564,2.597,2.544,2.557
2018-01-11,2.548,2.57,2.526,2.54
2018-01-12,2.555,2.594,2.544,2.548
2018-01-16,2.541,2.563,2.522,2.537
2018-01-17,2.557,2.592,2.541,2.59
2018-01-18,2.6,2.627,2.589,2.627
2018-01-19,2.637,2.663,2.613,2.659
2018-01-22,2.646,2.665,2.632,2.65
2018-01-23,2.63,2.639,2.611,2.617
2018-01-24,2.626,2.665,2.622,2.65
2018-01-25,2.637,2.676,2.615,2.617
2018-01-26,2.63,2.673,2.623,2.664
2018-01-29,2.703,2.727,2.69,2.697
2018-01-30,2.718,2.733,2.681,2.72
2018-01-31,2.709,2.754,2.696,2.709
2018-02-01,2.737,2.793,2.722,2.793
2018-02-02,2.783,2.854,2.783,2.841
2018-02-05,2.864,2.874,2.698,2.706
2018-02-06,2.747,2.807,2.691,2.805
2018-02-07,2.775,2.861,2.758,2.84
2018-02-08,2.82,2.884,2.808,2.824
2018-02-09,2.848,2.864,2.786,2.851
2018-02-12,2.886,2.895,2.828,2.859
2018-02-13,2.84,2.853,2.822,2.829
2018-02-14,2.833,2.92,2.817,2.906
2018-02-15,2.93,2.944,2.882,2.913
2018-02-16,2.904,2.906,2.849,2.879
2018-02-20,2.91,2.928,2.884,2.89
2018-02-21,2.893,2.957,2.877,2.95
2018-02-22,2.937,2.941,2.904,2.922
2018-02-23,2.924,2.924,2.861,2.868
2018-02-26,2.862,2.87,2.831,2.866
2018-02-27,2.861,2.925,2.85,2.897
2018-02-28,2.904,2.91,2.862,2.862
2018-03-01,2.866,2.868,2.795,2.808
2018-03-02,2.815,2.87,2.793,2.864
2018-03-05,2.825,2.897,2.82,2.883
2018-03-06,2.879,2.906,2.857,2.89
2018-03-07,2.862,2.888,2.844,2.886
2018-03-08,2.879,2.892,2.848,2.861
2018-03-09,2.872,2.914,2.868,2.894
2018-03-12,2.907,2.908,2.863,2.866
2018-03-13,2.881,2.883,2.83,2.844
2018-03-14,2.832,2.857,2.801,2.819
2018-03-15,2.812,2.835,2.804,2.826
2018-03-16,2.819,2.859,2.81,2.845
2018-03-19,2.865,2.879,2.833,2.855
2018-03-20,2.868,2.901,2.855,2.9
2018-03-21,2.887,2.936,2.87,2.881
2018-03-22,2.857,2.865,2.799,2.823
2018-03-23,2.813,2.852,2.806,2.813
2018-03-26,2.837,2.856,2.819,2.856
2018-03-27,2.854,2.854,2.77,2.775
2018-03-28,2.79,2.79,2.743,2.783
2018-03-29,2.783,2.783,2.739,2.741
2018-04-02,2.761,2.773,2.717,2.73
2018-04-03,2.744,2.79,2.735,2.779
2018-04-04,2.781,2.81,2.748,2.803
2018-04-05,2.814,2.838,2.812,2.834
2018-04-06,2.816,2.83,2.768,2.777
2018-04-09,2.797,2.814,2.772,2.783
2018-04-10,2.808,2.812,2.783,2.801
2018-04-11,2.795,2.801,2.755,2.781
2018-04-12,2.773,2.843,2.772,2.839
2018-04-13,2.83,2.849,2.818,2.827
2018-04-16,2.845,2.865,2.825,2.83
2018-04-17,2.84,2.849,2.814,2.83
2018-04-18,2.841,2.876,2.823,2.875
2018-04-19,2.869,2.934,2.869,2.912
2018-04-20,2.912,2.962,2.904,2.96
2018-04-23,2.973,2.998,2.964,2.975
2018-04-24,2.962,3.003,2.957,3.001
2018-04-25,3.005,3.035,3.005,3.03
2018-04-26,3.02,3.022,2.981,2.985
2018-04-27,2.974,2.983,2.955,2.957
2018-04-30,2.961,2.972,2.934,2.953
2018-05-01,2.955,2.979,2.949,2.966
2018-05-02,2.983,2.996,2.957,2.966
2018-05-03,2.97,2.978,2.927,2.948
2018-05-04,2.946,2.965,2.911,2.951
2018-05-07,2.955,2.961,2.937,2.952
2018-05-08,2.955,2.987,2.944,2.98
2018-05-09,2.997,3.014,2.993,3.006
2018-05-10,2.982,2.991,2.948,2.964
2018-05-11,2.96,2.982,2.948,2.971
2018-05-14,2.962,3.006,2.96,3.006
2018-05-15,3.024,3.095,3.012,3.074
2018-05-16,3.063,3.104,3.058,3.1
2018-05-17,3.122,3.122,3.087,3.115
2018-05-18,3.104,3.109,3.056,3.056
2018-05-21,3.08,3.084,3.054,3.062
2018-05-22,3.065,3.08,3.058,3.062
2018-05-23,3.049,3.049,2.99,2.993
2018-05-24,3.004,3.014,2.955,2.979
2018-05-25,2.988,2.988,2.922,2.931
2018-05-29,2.891,2.891,2.759,2.784
2018-05-30,2.828,2.888,2.821,2.857
2018-05-31,2.859,2.886,2.822,2.859
2018-06-01,2.878,2.926,2.871,2.904
2018-06-04,2.924,2.946,2.902,2.944
2018-06-05,2.931,2.937,2.9,2.931
2018-06-06,2.941,2.981,2.926,2.975
2018-06-07,2.977,2.994,2.884,2.922
2018-06-08,2.928,2.95,2.889,2.95
2018-06-11,2.968,2.97,2.95,2.955
2018-06-12,2.963,2.981,2.955,2.963
2018-06-13,2.97,3.01,2.95,2.966
2018-06-14,2.959,2.964,2.928,2.939
2018-06-15,2.93,2.933,2.889,2.922
2018-06-18,2.917,2.933,2.9,2.921
2018-06-19,2.875,2.9,2.853,2.9
2018-06-20,2.902,2.941,2.884,2.941
2018-06-21,2.939,2.939,2.891,2.899
2018-06-22,2.913,2.928,2.893,2.897
2018-06-25,2.878,2.897,2.866,2.882
2018-06-26,2.893,2.9,2.866,2.878
2018-06-27,2.871,2.873,2.825,2.829
2018-06-28,2.836,2.853,2.822,2.838
2018-06-29,2.856,2.868,2.833,2.862
2018-07-02,2.84,2.873,2.824,2.871
2018-07-03,2.873,2.884,2.831,2.833
2018-07-05,2.849,2.866,2.82,2.833
2018-07-06,2.845,2.845,2.807,2.824
2018-07-09,2.838,2.862,2.838,2.86
2018-07-10,2.86,2.875,2.849,2.849
2018-07-11,2.84,2.866,2.831,2.851
2018-07-12,2.866,2.871,2.845,2.849
2018-07-13,2.851,2.855,2.827,2.827
2018-07-16,2.838,2.877,2.833,2.86
2018-07-17,2.866,2.867,2.847,2.864
2018-07-18,2.869,2.882,2.847,2.871
2018-07-19,2.886,2.897,2.831,2.838
2018-07-20,2.847,2.899,2.838,2.897
2018-07-23,2.899,2.967,2.882,2.958
2018-07-24,2.954,2.973,2.945,2.95
2018-07-25,2.938,2.976,2.93,2.976
2018-07-26,2.962,2.984,2.947,2.978
2018-07-27,2.977,2.988,2.951,2.956
2018-07-30,2.962,2.99,2.96,2.975
2018-07-31,2.947,2.969,2.945,2.962
2018-08-01,2.977,3.016,2.973,3.008
2018-08-02,2.993,3.006,2.975,2.986
2018-08-03,2.98,2.99,2.951,2.953
2018-08-06,2.953,2.96,2.925,2.943
2018-08-07,2.941,2.979,2.936,2.975
2018-08-08,2.971,2.986,2.958,2.962
2018-08-09,2.953,2.964,2.924,2.928
2018-08-10,2.9,2.908,2.853,2.877
2018-08-13,2.87,2.889,2.848,2.88
2018-08-14,2.898,2.902,2.877,2.902
2018-08-15,2.888,2.895,2.837,2.864
2018-08-16,2.877,2.893,2.859,2.868
2018-08-17,2.873,2.877,2.844,2.864
2018-08-20,2.859,2.868,2.815,2.821
2018-08-21,2.828,2.853,2.822,2.832
2018-08-22,2.828,2.837,2.808,2.821
2018-08-23,2.817,2.832,2.812,2.826
2018-08-24,2.83,2.85,2.812,2.813
2018-08-27,2.817,2.851,2.817,2.848
2018-08-28,2.849,2.888,2.844,2.884
2018-08-29,2.868,2.898,2.866,2.886
2018-08-30,2.88,2.888,2.855,2.857
2018-08-31,2.86,2.868,2.833,2.862
2018-09-04,2.873,2.906,2.86,2.9
2018-09-05,2.895,2.917,2.884,2.902
2018-09-06,2.904,2.911,2.871,2.873
2018-09-07,2.877,2.95,2.877,2.942
2018-09-10,2.935,2.95,2.93,2.931
2018-09-11,2.946,2.983,2.942,2.979
2018-09-12,2.972,2.974,2.955,2.965
2018-09-13,2.968,2.983,2.944,2.972
2018-09-14,2.974,3.003,2.97,3
2018-09-17,2.989,3.022,2.959,2.989
2018-09-18,3.005,3.059,2.992,3.059
2018-09-19,3.052,3.092,3.044,3.063
2018-09-20,3.065,3.096,3.059,3.066
2018-09-21,3.076,3.085,3.061,3.065
2018-09-24,3.07,3.091,3.065,3.091
2018-09-25,3.095,3.113,3.093,3.098
2018-09-26,3.091,3.093,3.048,3.05
2018-09-27,3.039,3.074,3.03,3.054
2018-09-28,3.046,3.065,3.026,3.065
2018-10-01,3.072,3.095,3.063,3.084
2018-10-02,3.067,3.074,3.046,3.067
2018-10-03,3.08,3.187,3.067,3.185
2018-10-04,3.204,3.229,3.176,3.187
2018-10-05,3.195,3.248,3.187,3.235
2018-10-09,3.25,3.261,3.203,3.208
2018-10-10,3.212,3.244,3.165,3.165
2018-10-11,3.161,3.195,3.124,3.15
2018-10-12,3.182,3.184,3.131,3.161
2018-10-15,3.15,3.165,3.142,3.158
2018-10-16,3.171,3.178,3.152,3.165
2018-10-17,3.161,3.207,3.148,3.207
2018-10-18,3.211,3.215,3.163,3.177
2018-10-19,3.183,3.205,3.173,3.196
2018-10-22,3.204,3.207,3.181,3.2
2018-10-23,3.162,3.173,3.115,3.17
2018-10-24,3.154,3.154,3.1,3.111
2018-10-25,3.109,3.145,3.109,3.122
2018-10-26,3.108,3.109,3.059,3.077
2018-10-29,3.072,3.115,3.062,3.089
2018-10-30,3.109,3.125,3.096,3.119
2018-10-31,3.14,3.159,3.14,3.149
2018-11-01,3.157,3.172,3.132,3.134
2018-11-02,3.172,3.22,3.155,3.22
2018-11-05,3.197,3.208,3.186,3.199
2018-11-06,3.201,3.231,3.191,3.23
2018-11-07,3.182,3.241,3.176,3.237
2018-11-08,3.234,3.243,3.208,3.239
2018-11-09,3.215,3.228,3.182,3.186
2018-11-13,3.164,3.186,3.14,3.142
2018-11-14,3.149,3.164,3.094,3.125
2018-11-15,3.134,3.134,3.085,3.11
2018-11-16,3.109,3.121,3.065,3.065
2018-11-19,3.077,3.096,3.054,3.065
2018-11-20,3.057,3.065,3.039,3.063
2018-11-21,3.079,3.086,3.061,3.065
2018-11-23,3.068,3.074,3.033,3.046
2018-11-26,3.057,3.079,3.055,3.057
2018-11-27,3.063,3.072,3.046,3.059
2018-11-28,3.063,3.074,3.044,3.059
2018-11-29,3.019,3.044,2.999,3.032
2018-11-30,3.024,3.028,2.99,2.993
2018-12-03,3.046,3.048,2.97,2.97
2018-12-04,2.959,2.968,2.89,2.915
2018-12-06,2.91,2.914,2.833,2.897
2018-12-07,2.875,2.906,2.849,2.849
2018-12-10,2.852,2.866,2.829,2.861
2018-12-11,2.872,2.888,2.848,2.879
2018-12-12,2.884,2.913,2.881,2.911
2018-12-13,2.911,2.917,2.891,2.915
2018-12-14,2.882,2.9,2.872,2.895
2018-12-17,2.889,2.889,2.85,2.859
2018-12-18,2.843,2.853,2.819,2.821
2018-12-19,2.821,2.855,2.757,2.76
2018-12-20,2.765,2.812,2.751,2.812
2018-12-21,2.803,2.803,2.781,2.788
2018-12-24,2.797,2.801,2.736,2.736
2018-12-26,2.743,2.813,2.736,2.81
2018-12-27,2.777,2.788,2.733,2.772
2018-12-28,2.772,2.779,2.715,2.72
2018-12-31,2.727,2.745,2.682,2.686
2019-01-02,2.695,2.695,2.622,2.633
2019-01-03,2.624,2.656,2.548,2.555
2019-01-04,2.571,2.671,2.571,2.671
2019-01-07,2.659,2.698,2.634,2.698
2019-01-08,2.698,2.732,2.692,2.73
2019-01-09,2.726,2.748,2.71,2.712
2019-01-10,2.69,2.746,2.683,2.746
2019-01-11,2.726,2.726,2.683,2.703
2019-01-14,2.676,2.71,2.661,2.706
2019-01-15,2.709,2.718,2.681,2.715
2019-01-16,2.72,2.743,2.718,2.724
2019-01-17,2.707,2.758,2.7,2.754
2019-01-18,2.752,2.795,2.752,2.788
2019-01-22,2.75,2.759,2.727,2.741
2019-01-23,2.741,2.775,2.736,2.743
2019-01-24,2.737,2.741,2.701,2.716
2019-01-25,2.731,2.76,2.721,2.76
2019-01-28,2.751,2.766,2.728,2.748
2019-01-29,2.735,2.746,2.708,2.71
2019-01-30,2.715,2.733,2.679,2.679
2019-01-31,2.67,2.674,2.619,2.633
2019-02-01,2.632,2.697,2.623,2.686
2019-02-04,2.698,2.731,2.695,2.727
2019-02-05,2.725,2.736,2.689,2.704
2019-02-06,2.682,2.702,2.673,2.7
2019-02-07,2.684,2.693,2.65,2.657
2019-02-08,2.647,2.654,2.627,2.634
2019-02-11,2.639,2.668,2.639,2.655
2019-02-12,2.681,2.69,2.67,2.684
2019-02-13,2.691,2.715,2.682,2.704
2019-02-14,2.7,2.702,2.645,2.657
2019-02-15,2.645,2.682,2.645,2.664
2019-02-19,2.67,2.67,2.636,2.636
2019-02-20,2.645,2.657,2.628,2.647
2019-02-21,2.664,2.697,2.657,2.695
2019-02-22,2.679,2.686,2.638,2.654
2019-02-25,2.67,2.684,2.664,2.666
2019-02-26,2.654,2.664,2.632,2.639
2019-02-27,2.632,2.697,2.63,2.686
2019-02-28,2.659,2.728,2.659,2.715
2019-03-01,2.722,2.768,2.72,2.757
2019-03-04,2.757,2.759,2.72,2.726
2019-03-05,2.728,2.748,2.717,2.719
2019-03-06,2.71,2.719,2.681,2.695
2019-03-07,2.686,2.69,2.636,2.641
2019-03-08,2.63,2.65,2.618,2.63
2019-03-11,2.647,2.657,2.632,2.641
2019-03-12,2.657,2.674,2.598,2.6
2019-03-13,2.614,2.628,2.607,2.625
2019-03-14,2.63,2.641,2.612,2.63
2019-03-15,2.619,2.634,2.58,2.591
2019-03-18,2.598,2.611,2.585,2.605
2019-03-19,2.594,2.632,2.591,2.618
2019-03-20,2.607,2.607,2.524,2.525
2019-03-21,2.528,2.541,2.499,2.539
2019-03-22,2.528,2.53,2.42,2.437
2019-03-25,2.441,2.469,2.379,2.405
2019-03-26,2.435,2.453,2.405,2.425
2019-03-27,2.398,2.402,2.359,2.381
2019-03-28,2.358,2.398,2.352,2.391
2019-03-29,2.393,2.43,2.393,2.407
2019-04-01,2.447,2.506,2.437,2.503
2019-04-02,2.478,2.49,2.469,2.472
2019-04-03,2.515,2.528,2.506,2.528
2019-04-04,2.503,2.521,2.497,2.513
2019-04-05,2.529,2.54,2.494,2.499
2019-04-08,2.493,2.524,2.492,2.524
2019-04-09,2.517,2.524,2.485,2.502
2019-04-10,2.492,2.502,2.463,2.467
2019-04-11,2.477,2.506,2.474,2.499
2019-04-12,2.497,2.567,2.49,2.563
2019-04-15,2.56,2.571,2.547,2.556
2019-04-16,2.551,2.594,2.547,2.592
2019-04-17,2.596,2.612,2.581,2.594
2019-04-18,2.574,2.579,2.551,2.56
2019-04-22,2.572,2.592,2.565,2.588
2019-04-23,2.579,2.592,2.565,2.569
2019-04-24,2.549,2.554,2.518,2.518
2019-04-25,2.527,2.54,2.518,2.534
2019-04-26,2.529,2.529,2.495,2.5
2019-04-29,2.507,2.541,2.505,2.529
2019-04-30,2.509,2.549,2.504,2.504
2019-05-01,2.505,2.514,2.459,2.5
2019-05-02,2.525,2.554,2.511,2.545
2019-05-03,2.549,2.565,2.521,2.53
2019-05-06,2.475,2.502,2.473,2.5
2019-05-07,2.496,2.498,2.446,2.458
2019-05-08,2.464,2.491,2.428,2.485
2019-05-09,2.467,2.467,2.428,2.451
2019-05-10,2.451,2.473,2.428,2.471
2019-05-13,2.439,2.442,2.391,2.403
2019-05-14,2.41,2.426,2.403,2.412
2019-05-15,2.417,2.417,2.363,2.373
2019-05-16,2.361,2.412,2.357,2.394
2019-05-17,2.386,2.405,2.366,2.393
2019-05-20,2.398,2.418,2.382,2.417
2019-05-21,2.418,2.437,2.409,2.428
2019-05-22,2.423,2.43,2.382,2.382
2019-05-23,2.375,2.378,2.296,2.32
2019-05-24,2.319,2.334,2.311,2.324
2019-05-28,2.304,2.304,2.262,2.264
2019-05-29,2.234,2.266,2.213,2.264
2019-05-30,2.262,2.282,2.213,2.215
2019-05-31,2.178,2.178,2.126,2.126
2019-06-03,2.133,2.133,2.064,2.076
2019-06-04,2.086,2.147,2.085,2.131
2019-06-05,2.092,2.136,2.081,2.135
2019-06-06,2.112,2.133,2.093,2.119
2019-06-07,2.126,2.129,2.06,2.083
2019-06-10,2.131,2.152,2.119,2.152
2019-06-11,2.147,2.178,2.138,2.143
2019-06-12,2.124,2.141,2.115,2.122
2019-06-13,2.119,2.12,2.084,2.095
2019-06-14,2.075,2.108,2.06,2.084
2019-06-17,2.099,2.115,2.082,2.092
2019-06-18,2.079,2.079,2.016,2.059
2019-06-19,2.061,2.099,2.025,2.029
2019-06-20,1.992,2.035,1.977,2.03
2019-06-21,2.016,2.07,2.013,2.057
2019-06-24,2.04,2.056,2.016,2.018
2019-06-25,2.004,2.021,1.983,1.987
2019-06-26,2.004,2.05,2,2.05
2019-06-27,2.064,2.066,2.005,2.016
2019-06-28,2.024,2.029,1.998,2.007
2019-07-01,2.046,2.048,2.007,2.029
2019-07-02,2.02,2.024,1.976,1.976
2019-07-03,1.945,1.967,1.943,1.953
2019-07-05,1.949,2.068,1.946,2.039
2019-07-08,2.016,2.053,2.013,2.048
2019-07-09,2.037,2.07,2.037,2.07
2019-07-10,2.089,2.11,2.04,2.065
2019-07-11,2.042,2.143,2.042,2.143
2019-07-12,2.125,2.146,2.106,2.122
2019-07-15,2.138,2.139,2.087,2.09
2019-07-16,2.097,2.141,2.089,2.104
2019-07-17,2.099,2.11,2.043,2.047
2019-07-18,2.047,2.075,2.024,2.026
2019-07-19,2.05,2.057,2.04,2.057
2019-07-22,2.062,2.062,2.029,2.048
2019-07-23,2.057,2.083,2.045,2.083
2019-07-24,2.079,2.079,2.039,2.046
2019-07-25,2.043,2.097,2.015,2.084
2019-07-26,2.069,2.088,2.065,2.074
2019-07-29,2.069,2.069,2.049,2.067
2019-07-30,2.058,2.074,2.046,2.06
2019-07-31,2.049,2.061,2.006,2.016
2019-08-01,2.051,2.058,1.88,1.895
2019-08-02,1.883,1.89,1.833,1.847
2019-08-05,1.765,1.784,1.709,1.718
2019-08-06,1.739,1.768,1.704,1.704
2019-08-07,1.687,1.734,1.61,1.724
2019-08-08,1.731,1.786,1.705,1.719
2019-08-09,1.697,1.746,1.686,1.746
2019-08-12,1.722,1.728,1.633,1.647
2019-08-13,1.622,1.707,1.622,1.707
2019-08-14,1.674,1.674,1.579,1.581
2019-08-15,1.577,1.593,1.495,1.508
2019-08-16,1.552,1.589,1.528,1.569
2019-08-19,1.574,1.625,1.572,1.608
2019-08-20,1.591,1.596,1.54,1.552
2019-08-21,1.584,1.601,1.554,1.591
2019-08-22,1.557,1.622,1.557,1.615
2019-08-23,1.642,1.661,1.51,1.532
2019-08-26,1.523,1.547,1.508,1.54
2019-08-27,1.521,1.525,1.471,1.474
2019-08-28,1.478,1.483,1.451,1.466
2019-08-29,1.461,1.533,1.461,1.498
2019-08-30,1.511,1.542,1.494,1.499
2019-09-03,1.515,1.515,1.432,1.461
2019-09-04,1.488,1.498,1.452,1.471
2019-09-05,1.496,1.586,1.496,1.564
2019-09-06,1.584,1.605,1.54,1.562
2019-09-09,1.567,1.645,1.567,1.645
2019-09-10,1.632,1.74,1.62,1.737
2019-09-11,1.718,1.751,1.709,1.746
2019-09-12,1.737,1.798,1.671,1.777
2019-09-13,1.784,1.905,1.784,1.903
2019-09-16,1.861,1.873,1.821,1.849
2019-09-17,1.84,1.842,1.798,1.808
2019-09-18,1.793,1.801,1.747,1.8
2019-09-19,1.784,1.805,1.754,1.789
2019-09-20,1.761,1.793,1.718,1.722
2019-09-23,1.756,1.765,1.668,1.727
2019-09-24,1.709,1.718,1.632,1.647
2019-09-25,1.651,1.739,1.635,1.737
2019-09-26,1.697,1.72,1.68,1.701
2019-09-27,1.704,1.725,1.675,1.687
2019-09-30,1.701,1.713,1.666,1.666
2019-10-01,1.704,1.753,1.618,1.639
2019-10-02,1.654,1.656,1.584,1.599
2019-10-03,1.575,1.589,1.517,1.536
2019-10-04,1.536,1.555,1.508,1.529
2019-10-07,1.517,1.565,1.512,1.565
2019-10-08,1.58,1.58,1.512,1.534
2019-10-09,1.534,1.59,1.529,1.587
2019-10-10,1.582,1.672,1.566,1.672
2019-10-11,1.658,1.767,1.642,1.732
2019-10-15,1.698,1.776,1.677,1.773
2019-10-16,1.75,1.766,1.72,1.745
2019-10-17,1.727,1.794,1.724,1.754
2019-10-18,1.752,1.776,1.729,1.752
2019-10-21,1.773,1.805,1.769,1.803
2019-10-22,1.796,1.803,1.764,1.768
2019-10-23,1.752,1.77,1.731,1.766
2019-10-24,1.75,1.78,1.74,1.771
2019-10-25,1.761,1.81,1.752,1.8
2019-10-28,1.808,1.86,1.808,1.845
2019-10-29,1.839,1.847,1.824,1.837
2019-10-30,1.832,1.839,1.771,1.775
2019-10-31,1.771,1.772,1.682,1.688
2019-11-01,1.693,1.744,1.67,1.714
2019-11-04,1.752,1.791,1.747,1.781
2019-11-05,1.811,1.869,1.81,1.86
2019-11-06,1.85,1.857,1.807,1.83
2019-11-07,1.857,1.968,1.844,1.926
2019-11-08,1.902,1.954,1.895,1.943
2019-11-12,1.95,1.952,1.909,1.931
2019-11-13,1.917,1.921,1.869,1.886
2019-11-14,1.865,1.865,1.808,1.822
2019-11-15,1.848,1.848,1.819,1.834
2019-11-18,1.836,1.853,1.796,1.817
2019-11-19,1.819,1.826,1.779,1.786
2019-11-20,1.753,1.764,1.73,1.747
2019-11-21,1.741,1.784,1.726,1.776
2019-11-22,1.771,1.784,1.746,1.769
2019-11-25,1.784,1.791,1.753,1.753
2019-11-26,1.762,1.764,1.731,1.741
2019-11-27,1.741,1.776,1.74,1.767
2019-11-29,1.765,1.795,1.759,1.774
2019-12-02,1.821,1.855,1.821,1.822
2019-12-03,1.838,1.838,1.698,1.717
2019-12-04,1.704,1.79,1.702,1.778
2019-12-05,1.769,1.819,1.769,1.812
2019-12-06,1.809,1.859,1.79,1.84
2019-12-09,1.826,1.833,1.809,1.821
2019-12-10,1.817,1.847,1.802,1.842
2019-12-11,1.824,1.836,1.783,1.793
2019-12-12,1.81,1.908,1.788,1.897
2019-12-13,1.906,1.91,1.816,1.824
2019-12-16,1.837,1.892,1.835,1.873
2019-12-17,1.864,1.894,1.854,1.875
2019-12-18,1.875,1.933,1.864,1.919
2019-12-19,1.924,1.95,1.898,1.922
2019-12-20,1.926,1.945,1.915,1.919
2019-12-23,1.901,1.938,1.898,1.928
2019-12-24,1.921,1.947,1.901,1.903
2019-12-26,1.907,1.919,1.894,1.896
2019-12-27,1.898,1.901,1.87,1.877
2019-12-30,1.884,1.937,1.88,1.884
2019-12-31,1.889,1.928,1.888,1.919
2020-01-02,1.923,1.944,1.853,1.877
2020-01-03,1.828,1.839,1.788,1.793
2020-01-06,1.788,1.812,1.765,1.809
2020-01-07,1.802,1.828,1.795,1.823
2020-01-08,1.795,1.875,1.783,1.875
2020-01-09,1.876,1.9,1.849,1.853
2020-01-10,1.855,1.86,1.816,1.82
2020-01-13,1.834,1.853,1.832,1.848
2020-01-14,1.849,1.849,1.811,1.811
2020-01-15,1.807,1.807,1.78,1.788
2020-01-16,1.799,1.82,1.778,1.809
2020-01-17,1.825,1.848,1.813,1.825
2020-01-21,1.801,1.808,1.767,1.772
2020-01-22,1.783,1.786,1.762,1.771
2020-01-23,1.755,1.755,1.715,1.732
2020-01-24,1.746,1.759,1.672,1.689
2020-01-27,1.646,1.653,1.599,1.608
2020-01-28,1.618,1.661,1.574,1.661
2020-01-29,1.637,1.641,1.581,1.582
2020-01-30,1.555,1.591,1.536,1.589
2020-01-31,1.577,1.577,1.505,1.508
2020-02-03,1.548,1.573,1.52,1.531
2020-02-04,1.551,1.613,1.551,1.603
2020-02-05,1.577,1.656,1.577,1.649
2020-02-06,1.658,1.67,1.633,1.642
2020-02-07,1.609,1.625,1.577,1.585
2020-02-10,1.589,1.597,1.546,1.566
2020-02-11,1.577,1.604,1.573,1.602
2020-02-12,1.628,1.639,1.609,1.637
2020-02-13,1.592,1.622,1.569,1.619
2020-02-14,1.61,1.612,1.576,1.588
2020-02-18,1.542,1.571,1.541,1.559
2020-02-19,1.571,1.585,1.547,1.568
2020-02-20,1.559,1.561,1.51,1.519
2020-02-21,1.487,1.493,1.449,1.473
2020-02-24,1.424,1.424,1.355,1.372
2020-02-25,1.387,1.399,1.31,1.352
2020-02-26,1.342,1.382,1.307,1.342
2020-02-27,1.324,1.324,1.254,1.264
2020-02-28,1.217,1.221,1.126,1.152
2020-03-02,1.124,1.167,1.044,1.167
2020-03-03,1.121,1.17,0.935,0.999
2020-03-04,0.973,1.059,0.934,1.059
2020-03-05,1.015,1.023,0.906,0.918
2020-03-06,0.814,0.821,0.674,0.765
2020-03-09,0.397,0.598,0.397,0.559
2020-03-10,0.663,0.808,0.578,0.8
2020-03-11,0.657,0.877,0.657,0.877
2020-03-12,0.776,0.893,0.655,0.812
2020-03-13,0.888,1.015,0.842,0.983
2020-03-16,0.75,0.851,0.709,0.74
2020-03-17,0.816,1.1,0.762,1.069
2020-03-18,1.067,1.261,1.005,1.183
2020-03-19,1.208,1.208,1.007,1.159
2020-03-20,1.047,1.063,0.852,0.885
2020-03-23,0.805,0.876,0.715,0.763
2020-03-24,0.821,0.895,0.786,0.858
2020-03-25,0.846,0.875,0.784,0.869
2020-03-26,0.811,0.851,0.778,0.848
2020-03-27,0.788,0.792,0.676,0.676
2020-03-30,0.656,0.731,0.605,0.73
2020-03-31,0.698,0.718,0.652,0.674
2020-04-01,0.619,0.643,0.583,0.586
2020-04-02,0.606,0.633,0.58,0.602
2020-04-03,0.599,0.615,0.571,0.599
2020-04-06,0.624,0.681,0.624,0.681
2020-04-07,0.722,0.782,0.714,0.714
2020-04-08,0.699,0.777,0.699,0.774
2020-04-09,0.744,0.768,0.714,0.729
2020-04-13,0.727,0.775,0.72,0.773
2020-04-14,0.77,0.77,0.73,0.755
2020-04-15,0.728,0.728,0.627,0.635
2020-04-16,0.639,0.657,0.595,0.63
2020-04-17,0.65,0.658,0.591,0.643
2020-04-20,0.631,0.645,0.609,0.609
2020-04-21,0.61,0.613,0.542,0.572
2020-04-22,0.567,0.633,0.567,0.622
2020-04-23,0.625,0.636,0.594,0.605
2020-04-24,0.588,0.62,0.584,0.602
2020-04-27,0.618,0.664,0.608,0.664
2020-04-28,0.654,0.665,0.604,0.616
2020-04-29,0.603,0.635,0.583,0.628
2020-04-30,0.614,0.646,0.583,0.641
2020-05-01,0.613,0.645,0.596,0.618
2020-05-04,0.616,0.648,0.597,0.629
2020-05-05,0.656,0.678,0.645,0.662
2020-05-06,0.682,0.74,0.67,0.703
2020-05-07,0.698,0.716,0.625,0.639
2020-05-08,0.635,0.686,0.609,0.685
2020-05-11,0.694,0.726,0.673,0.712
2020-05-12,0.706,0.723,0.664,0.67
2020-05-13,0.67,0.67,0.635,0.652
2020-05-14,0.625,0.632,0.604,0.622
2020-05-15,0.615,0.648,0.596,0.646
2020-05-18,0.648,0.739,0.638,0.726
2020-05-19,0.718,0.742,0.69,0.692
2020-05-20,0.696,0.718,0.67,0.682
2020-05-21,0.659,0.682,0.654,0.674
2020-05-22,0.644,0.669,0.628,0.657
2020-05-26,0.7,0.706,0.685,0.697
2020-05-27,0.683,0.728,0.664,0.69
2020-05-28,0.692,0.711,0.67,0.695
2020-05-29,0.666,0.68,0.646,0.653
2020-06-01,0.664,0.685,0.649,0.664
2020-06-02,0.661,0.687,0.654,0.685
2020-06-03,0.706,0.767,0.688,0.748
2020-06-04,0.756,0.827,0.743,0.827
2020-06-05,0.847,0.937,0.84,0.899
2020-06-08,0.9,0.929,0.867,0.877
2020-06-09,0.847,0.847,0.802,0.825
2020-06-10,0.812,0.815,0.728,0.73
2020-06-11,0.715,0.72,0.653,0.669
2020-06-12,0.687,0.72,0.679,0.707
2020-06-15,0.656,0.723,0.656,0.72
2020-06-16,0.731,0.781,0.726,0.743
2020-06-17,0.745,0.76,0.725,0.74
2020-06-18,0.717,0.728,0.694,0.71
2020-06-19,0.717,0.74,0.692,0.697
2020-06-22,0.692,0.71,0.676,0.71
2020-06-23,0.709,0.732,0.709,0.715
2020-06-24,0.722,0.73,0.677,0.681
2020-06-25,0.672,0.687,0.658,0.682
2020-06-26,0.674,0.677,0.633,0.641
2020-06-29,0.651,0.654,0.625,0.627
2020-06-30,0.63,0.664,0.622,0.658
2020-07-01,0.674,0.699,0.668,0.677
2020-07-02,0.678,0.72,0.666,0.669
2020-07-06,0.694,0.704,0.676,0.679
2020-07-07,0.669,0.679,0.635,0.641
2020-07-08,0.65,0.669,0.645,0.666
2020-07-09,0.653,0.656,0.6,0.613
2020-07-10,0.592,0.646,0.573,0.646
2020-07-13,0.638,0.663,0.618,0.62
2020-07-14,0.63,0.632,0.6,0.623
2020-07-15,0.627,0.658,0.617,0.633
2020-07-16,0.62,0.627,0.602,0.618
2020-07-17,0.612,0.632,0.6,0.625
2020-07-20,0.627,0.627,0.604,0.614
2020-07-21,0.613,0.625,0.595,0.605
2020-07-22,0.605,0.605,0.582,0.599
2020-07-23,0.594,0.599,0.576,0.577
2020-07-24,0.571,0.592,0.571,0.59
2020-07-27,0.579,0.617,0.571,0.617
2020-07-28,0.623,0.623,0.576,0.579
2020-07-29,0.579,0.594,0.564,0.577
2020-07-30,0.566,0.566,0.538,0.545
2020-07-31,0.533,0.561,0.528,0.533
2020-08-03,0.548,0.569,0.538,0.553
2020-08-04,0.559,0.559,0.505,0.51
2020-08-05,0.523,0.553,0.517,0.549
2020-08-06,0.546,0.546,0.508,0.538
2020-08-07,0.526,0.567,0.518,0.566
2020-08-10,0.569,0.581,0.548,0.581
2020-08-11,0.581,0.658,0.579,0.638
2020-08-12,0.67,0.688,0.656,0.675
2020-08-13,0.661,0.722,0.651,0.722
2020-08-14,0.705,0.713,0.691,0.709
2020-08-17,0.693,0.7,0.669,0.692
2020-08-18,0.67,0.68,0.659,0.67
2020-08-19,0.654,0.685,0.649,0.682
2020-08-20,0.662,0.667,0.641,0.652
2020-08-21,0.651,0.656,0.628,0.635
2020-08-24,0.63,0.656,0.623,0.654
2020-08-25,0.662,0.715,0.662,0.685
2020-08-26,0.711,0.719,0.687,0.69
2020-08-27,0.685,0.756,0.649,0.755
2020-08-28,0.764,0.77,0.715,0.724
2020-08-31,0.746,0.746,0.693,0.706
2020-09-01,0.711,0.729,0.672,0.672
2020-09-02,0.682,0.692,0.644,0.649
2020-09-03,0.659,0.664,0.615,0.636
2020-09-04,0.641,0.723,0.636,0.72
2020-09-08,0.715,0.715,0.669,0.682
2020-09-09,0.663,0.708,0.662,0.698
2020-09-10,0.698,0.718,0.682,0.682
2020-09-11,0.685,0.695,0.666,0.669
2020-09-14,0.664,0.676,0.659,0.676
2020-09-15,0.667,0.687,0.667,0.68
2020-09-16,0.679,0.698,0.659,0.698
2020-09-17,0.669,0.687,0.648,0.687
2020-09-18,0.692,0.697,0.669,0.697
2020-09-21,0.684,0.69,0.649,0.669
2020-09-22,0.664,0.681,0.661,0.672
2020-09-23,0.668,0.691,0.659,0.679
2020-09-24,0.666,0.674,0.663,0.669
2020-09-25,0.669,0.671,0.653,0.656
2020-09-28,0.664,0.674,0.654,0.654
2020-09-29,0.658,0.658,0.643,0.651
2020-09-30,0.643,0.702,0.643,0.686
2020-10-01,0.701,0.715,0.671,0.679
2020-10-02,0.659,0.704,0.659,0.704
2020-10-05,0.702,0.783,0.701,0.782
2020-10-06,0.765,0.787,0.734,0.734
2020-10-07,0.755,0.797,0.752,0.789
2020-10-08,0.779,0.787,0.765,0.787
2020-10-09,0.769,0.79,0.762,0.777
2020-10-13,0.76,0.76,0.726,0.729
2020-10-14,0.732,0.732,0.711,0.726
2020-10-15,0.711,0.737,0.694,0.734
2020-10-16,0.729,0.751,0.722,0.749
2020-10-19,0.759,0.781,0.757,0.772
2020-10-20,0.769,0.797,0.767,0.789
2020-10-21,0.824,0.824,0.799,0.824
2020-10-22,0.809,0.866,0.807,0.861
2020-10-23,0.846,0.872,0.835,0.845
2020-10-26,0.808,0.818,0.794,0.803
2020-10-27,0.799,0.808,0.768,0.771
2020-10-28,0.756,0.781,0.748,0.774
2020-10-29,0.779,0.838,0.769,0.831
2020-10-30,0.82,0.875,0.82,0.874
2020-11-02,0.86,0.87,0.833,0.847
2020-11-03,0.869,0.901,0.862,0.896
2020-11-04,0.77,0.82,0.763,0.768
2020-11-05,0.728,0.788,0.72,0.765
2020-11-06,0.775,0.832,0.761,0.82
2020-11-09,0.824,0.963,0.8,0.927
2020-11-10,0.937,0.966,0.924,0.963
2020-11-12,0.939,0.946,0.88,0.883
2020-11-13,0.865,0.9,0.865,0.9
2020-11-16,0.885,0.928,0.875,0.908
2020-11-17,0.877,0.882,0.859,0.862
2020-11-18,0.844,0.89,0.839,0.869
2020-11-19,0.859,0.864,0.844,0.844
2020-11-20,0.836,0.847,0.823,0.823
2020-11-23,0.829,0.862,0.829,0.855
2020-11-24,0.868,0.887,0.854,0.885
2020-11-25,0.873,0.883,0.859,0.882
2020-11-27,0.857,0.868,0.841,0.842
2020-11-30,0.837,0.855,0.832,0.842
2020-12-01,0.841,0.934,0.839,0.929
2020-12-02,0.918,0.964,0.914,0.938
2020-12-03,0.938,0.944,0.91,0.91
2020-12-04,0.914,0.984,0.914,0.973
2020-12-07,0.949,0.949,0.924,0.924
2020-12-08,0.921,0.939,0.901,0.921
2020-12-09,0.939,0.951,0.936,0.939
2020-12-10,0.923,0.936,0.905,0.906
2020-12-11,0.911,0.911,0.877,0.898
2020-12-14,0.906,0.926,0.89,0.895
2020-12-15,0.893,0.923,0.891,0.911
2020-12-16,0.908,0.948,0.908,0.92
2020-12-17,0.931,0.943,0.895,0.935
2020-12-18,0.921,0.95,0.921,0.946
2020-12-21,0.911,0.946,0.888,0.935
2020-12-22,0.918,0.94,0.916,0.921
2020-12-23,0.918,0.97,0.915,0.946
2020-12-24,0.948,0.951,0.926,0.926
2020-12-28,0.953,0.961,0.923,0.926
2020-12-29,0.945,0.95,0.928,0.938
2020-12-30,0.948,0.955,0.925,0.925
2020-12-31,0.923,0.937,0.911,0.916
2021-01-04,0.945,0.95,0.906,0.913
2021-01-05,0.923,0.962,0.92,0.958
2021-01-06,1.02,1.051,0.998,1.036
2021-01-07,1.059,1.085,1.036,1.083
2021-01-08,1.09,1.122,1.076,1.117
2021-01-11,1.1,1.148,1.098,1.148
2021-01-12,1.151,1.186,1.129,1.129
2021-01-13,1.117,1.133,1.08,1.092
2021-01-14,1.109,1.138,1.088,1.131
2021-01-15,1.106,1.116,1.085,1.085
2021-01-19,1.112,1.121,1.087,1.09
2021-01-20,1.095,1.106,1.077,1.079
2021-01-21,1.079,1.121,1.077,1.109
2021-01-22,1.104,1.106,1.084,1.089
2021-01-25,1.101,1.101,1.03,1.033
2021-01-26,1.028,1.053,1.028,1.036
2021-01-27,1.041,1.048,1.004,1.018
2021-01-28,1.003,1.067,0.999,1.05
2021-01-29,1.047,1.098,1.043,1.069
2021-02-01,1.084,1.088,1.064,1.081
2021-02-02,1.086,1.117,1.086,1.1
2021-02-03,1.112,1.141,1.11,1.137
2021-02-04,1.141,1.158,1.132,1.139
2021-02-05,1.131,1.181,1.131,1.169
2021-02-08,1.184,1.2,1.15,1.172
2021-02-09,1.165,1.167,1.14,1.16
2021-02-10,1.162,1.174,1.124,1.124
2021-02-11,1.147,1.167,1.132,1.167
2021-02-12,1.158,1.212,1.151,1.212
2021-02-16,1.228,1.317,1.223,1.311
2021-02-17,1.307,1.317,1.27,1.274
2021-02-18,1.279,1.314,1.274,1.297
2021-02-19,1.311,1.358,1.292,1.34
2021-02-22,1.372,1.387,1.33,1.369
2021-02-23,1.369,1.384,1.345,1.345
2021-02-24,1.343,1.427,1.342,1.374
2021-02-25,1.422,1.556,1.418,1.541
2021-02-26,1.491,1.513,1.391,1.413
2021-03-01,1.408,1.455,1.408,1.42
2021-03-02,1.417,1.451,1.395,1.395
2021-03-03,1.407,1.491,1.405,1.484
2021-03-04,1.462,1.567,1.452,1.567
2021-03-05,1.556,1.613,1.54,1.568
2021-03-08,1.598,1.61,1.578,1.594
2021-03-09,1.547,1.559,1.526,1.528
2021-03-10,1.546,1.567,1.507,1.52
2021-03-11,1.509,1.547,1.48,1.54
2021-03-12,1.591,1.635,1.581,1.626
2021-03-15,1.621,1.632,1.599,1.607
2021-03-16,1.614,1.627,1.588,1.621
2021-03-17,1.636,1.687,1.627,1.646
2021-03-18,1.719,1.751,1.705,1.706
2021-03-19,1.675,1.746,1.673,1.73
2021-03-22,1.675,1.702,1.673,1.695
2021-03-23,1.663,1.666,1.621,1.622
2021-03-24,1.608,1.647,1.605,1.614
2021-03-25,1.621,1.639,1.593,1.633
2021-03-26,1.648,1.679,1.639,1.674
2021-03-29,1.641,1.724,1.635,1.71
2021-03-30,1.756,1.774,1.708,1.712
2021-03-31,1.726,1.748,1.71,1.739
2021-04-01,1.729,1.73,1.672,1.672
2021-04-05,1.722,1.743,1.704,1.704
2021-04-06,1.693,1.715,1.654,1.66
2021-04-07,1.645,1.676,1.631,1.676
2021-04-08,1.663,1.665,1.621,1.624
2021-04-09,1.657,1.685,1.639,1.662
2021-04-12,1.657,1.684,1.648,1.668
2021-04-13,1.698,1.7,1.616,1.618
2021-04-14,1.627,1.648,1.627,1.632
2021-04-15,1.633,1.633,1.53,1.579
2021-04-16,1.585,1.597,1.553,1.582
2021-04-19,1.5606,1.6153,1.5553,1.6082
2021-04-20,1.626,1.6314,1.5589,1.5607
2021-04-21,1.5661,1.5837,1.5538,1.5573
2021-04-22,1.5433,1.5856,1.5398,1.5398
2021-04-23,1.5666,1.5789,1.5331,1.5613
2021-04-26,1.5826,1.5949,1.5579,1.5684
2021-04-27,1.5792,1.6288,1.5721,1.6252
2021-04-28,1.638,1.65,1.609,1.611
2021-04-29,1.64,1.684,1.633,1.641
2021-04-30,1.64,1.651,1.624,1.624
2021-05-03,1.631,1.653,1.582,1.601
2021-05-04,1.615,1.623,1.562,1.583
2021-05-05,1.605,1.621,1.569,1.571
2021-05-06,1.575,1.589,1.559,1.568
2021-05-07,1.568,1.581,1.52,1.579
2021-05-10,1.597,1.607,1.561,1.604
2021-05-11,1.602,1.629,1.6,1.623
2021-05-12,1.62,1.697,1.611,1.693
2021-05-13,1.679,1.705,1.654,1.657
2021-05-14,1.657,1.657,1.628,1.633
2021-05-17,1.611,1.652,1.61,1.652
2021-05-18,1.651,1.654,1.632,1.64
2021-05-19,1.649,1.692,1.62,1.674
2021-05-20,1.666,1.673,1.627,1.628
2021-05-21,1.63,1.639,1.613,1.623
2021-05-24,1.62,1.625,1.598,1.603
2021-05-25,1.599,1.599,1.554,1.56
2021-05-26,1.579,1.581,1.554,1.579
2021-05-27,1.571,1.623,1.571,1.61
2021-05-28,1.618,1.622,1.579,1.581
2021-06-01,1.616,1.637,1.606,1.606
2021-06-02,1.608,1.613,1.587,1.589
2021-06-03,1.596,1.63,1.594,1.625
2021-06-04,1.627,1.633,1.557,1.557
2021-06-07,1.577,1.582,1.565,1.57
2021-06-08,1.553,1.564,1.518,1.536
2021-06-09,1.523,1.526,1.472,1.492
2021-06-10,1.481,1.525,1.435,1.435
2021-06-11,1.435,1.47,1.43,1.454
2021-06-14,1.459,1.502,1.457,1.497
2021-06-15,1.485,1.511,1.48,1.494
2021-06-16,1.499,1.579,1.484,1.579
2021-06-17,1.572,1.575,1.479,1.514
2021-06-18,1.509,1.518,1.44,1.443
2021-06-21,1.404,1.495,1.396,1.492
2021-06-22,1.49,1.507,1.462,1.467
2021-06-23,1.485,1.494,1.465,1.487
2021-06-24,1.497,1.502,1.478,1.497
2021-06-25,1.493,1.544,1.482,1.526
2021-06-28,1.526,1.526,1.471,1.48
2021-06-29,1.485,1.505,1.473,1.473
2021-06-30,1.478,1.482,1.439,1.47
2021-07-01,1.466,1.485,1.454,1.459
2021-07-02,1.469,1.47,1.427,1.431
2021-07-06,1.444,1.446,1.348,1.35
2021-07-07,1.363,1.367,1.301,1.321
2021-07-08,1.288,1.301,1.251,1.294
2021-07-09,1.338,1.363,1.328,1.361
2021-07-12,1.354,1.376,1.331,1.368
2021-07-13,1.361,1.42,1.348,1.42
2021-07-14,1.393,1.41,1.349,1.349
2021-07-15,1.324,1.347,1.296,1.301
2021-07-16,1.317,1.334,1.292,1.3
2021-07-19,1.287,1.288,1.176,1.195
2021-07-20,1.197,1.225,1.137,1.225
2021-07-21,1.197,1.297,1.197,1.292
2021-07-22,1.272,1.31,1.235,1.282
2021-07-23,1.283,1.312,1.275,1.278
2021-07-26,1.25,1.295,1.224,1.295
2021-07-27,1.278,1.28,1.231,1.241
2021-07-28,1.236,1.271,1.228,1.234
2021-07-29,1.246,1.278,1.243,1.271
2021-07-30,1.242,1.251,1.224,1.226
2021-08-02,1.234,1.242,1.156,1.179
2021-08-03,1.182,1.199,1.157,1.172
2021-08-04,1.134,1.212,1.134,1.182
2021-08-05,1.192,1.225,1.17,1.225
2021-08-06,1.245,1.305,1.237,1.3
2021-08-09,1.305,1.329,1.272,1.325
2021-08-10,1.314,1.357,1.31,1.352
2021-08-11,1.366,1.376,1.308,1.335
2021-08-12,1.34,1.376,1.339,1.361
2021-08-13,1.34,1.357,1.28,1.282
2021-08-16,1.26,1.28,1.227,1.268
2021-08-17,1.237,1.268,1.222,1.267
2021-08-18,1.268,1.298,1.258,1.26
2021-08-19,1.243,1.255,1.223,1.243
2021-08-20,1.233,1.265,1.228,1.255
2021-08-23,1.263,1.282,1.252,1.255
2021-08-24,1.275,1.299,1.26,1.297
2021-08-25,1.287,1.351,1.285,1.349
2021-08-26,1.337,1.371,1.337,1.351
2021-08-27,1.337,1.356,1.304,1.31
2021-08-30,1.3,1.314,1.278,1.282
2021-08-31,1.28,1.312,1.273,1.31
2021-09-01,1.327,1.329,1.285,1.297
2021-09-02,1.299,1.304,1.285,1.287
2021-09-03,1.292,1.334,1.289,1.326
2021-09-07,1.351,1.38,1.346,1.375
2021-09-08,1.363,1.363,1.331,1.338
2021-09-09,1.334,1.344,1.287,1.299
2021-09-10,1.307,1.35,1.307,1.343
2021-09-13,1.339,1.344,1.317,1.327
2021-09-14,1.328,1.348,1.267,1.284
2021-09-15,1.287,1.317,1.265,1.304
2021-09-16,1.304,1.351,1.302,1.336
2021-09-17,1.333,1.384,1.328,1.363
2021-09-20,1.355,1.355,1.297,1.312
2021-09-21,1.329,1.343,1.306,1.326
2021-09-22,1.333,1.34,1.302,1.302
2021-09-23,1.331,1.435,1.326,1.434
2021-09-24,1.435,1.466,1.406,1.454
2021-09-27,1.449,1.51,1.444,1.489
2021-09-28,1.544,1.56,1.515,1.546
2021-09-29,1.515,1.546,1.496,1.518
2021-09-30,1.534,1.557,1.489,1.489
2021-10-01,1.484,1.507,1.463,1.463
2021-10-04,1.472,1.507,1.469,1.481
2021-10-05,1.491,1.536,1.481,1.529
2021-10-06,1.557,1.568,1.51,1.522
2021-10-07,1.533,1.576,1.515,1.575
2021-10-08,1.587,1.615,1.558,1.615
2021-10-12,1.607,1.619,1.566,1.572
2021-10-13,1.58,1.593,1.53,1.538
2021-10-14,1.561,1.561,1.507,1.514
2021-10-15,1.532,1.577,1.532,1.574
2021-10-18,1.595,1.625,1.577,1.604
2021-10-19,1.579,1.645,1.567,1.641
2021-10-20,1.651,1.658,1.623,1.658
2021-10-21,1.641,1.705,1.641,1.705
2021-10-22,1.677,1.693,1.635,1.636
2021-10-25,1.652,1.67,1.624,1.633
2021-10-26,1.63,1.651,1.61,1.61
2021-10-27,1.62,1.622,1.52,1.552
2021-10-28,1.541,1.582,1.536,1.582
2021-10-29,1.594,1.615,1.538,1.561
2021-11-01,1.561,1.601,1.558,1.561
2021-11-02,1.551,1.565,1.533,1.547
2021-11-03,1.538,1.607,1.521,1.603
2021-11-04,1.6,1.6,1.516,1.53
2021-11-05,1.532,1.535,1.436,1.453
2021-11-08,1.469,1.5,1.46,1.492
2021-11-09,1.486,1.49,1.417,1.439
2021-11-10,1.478,1.577,1.468,1.553
2021-11-12,1.568,1.584,1.544,1.565
2021-11-15,1.553,1.63,1.543,1.618
2021-11-16,1.613,1.644,1.597,1.639
2021-11-17,1.635,1.646,1.587,1.587
2021-11-18,1.586,1.611,1.577,1.587
2021-11-19,1.603,1.606,1.519,1.55
2021-11-22,1.569,1.634,1.548,1.63
2021-11-23,1.624,1.682,1.617,1.669
2021-11-24,1.638,1.688,1.636,1.641
2021-11-26,1.543,1.55,1.475,1.482
2021-11-29,1.521,1.564,1.499,1.502
2021-11-30,1.454,1.475,1.421,1.448
2021-12-01,1.458,1.502,1.404,1.405
2021-12-02,1.438,1.463,1.414,1.446
2021-12-03,1.443,1.465,1.34,1.346
2021-12-06,1.377,1.443,1.372,1.438
2021-12-07,1.453,1.485,1.434,1.477
2021-12-08,1.46,1.533,1.429,1.525
2021-12-09,1.509,1.509,1.475,1.502
2021-12-10,1.515,1.52,1.455,1.487
2021-12-13,1.489,1.496,1.414,1.419
2021-12-14,1.426,1.468,1.424,1.444
2021-12-15,1.429,1.48,1.429,1.462
2021-12-16,1.45,1.472,1.412,1.419
2021-12-17,1.414,1.433,1.373,1.406
2021-12-20,1.367,1.428,1.365,1.428
2021-12-21,1.431,1.498,1.416,1.462
2021-12-22,1.462,1.484,1.45,1.455
2021-12-23,1.465,1.499,1.46,1.493
2021-12-27,1.481,1.498,1.477,1.479
2021-12-28,1.484,1.489,1.457,1.484
2021-12-29,1.476,1.558,1.474,1.553
2021-12-30,1.543,1.544,1.503,1.512
2021-12-31,1.52,1.524,1.495,1.512
2022-01-03,1.536,1.64,1.531,1.633
2022-01-04,1.626,1.682,1.623,1.651
2022-01-05,1.649,1.709,1.642,1.709
2022-01-06,1.725,1.751,1.723,1.723
2022-01-07,1.727,1.794,1.723,1.765
2022-01-10,1.798,1.808,1.752,1.757
2022-01-11,1.76,1.78,1.737,1.739
2022-01-12,1.745,1.752,1.711,1.745
2022-01-13,1.743,1.755,1.695,1.706
2022-01-14,1.712,1.793,1.71,1.791
2022-01-18,1.838,1.879,1.807,1.877
2022-01-19,1.879,1.897,1.825,1.866
2022-01-20,1.854,1.854,1.806,1.808
2022-01-21,1.779,1.797,1.74,1.77
2022-01-24,1.762,1.776,1.71,1.772
2022-01-25,1.753,1.792,1.735,1.776
2022-01-26,1.769,1.876,1.769,1.867
2022-01-27,1.84,1.851,1.783,1.799
2022-01-28,1.83,1.848,1.773,1.777
2022-01-31,1.789,1.816,1.771,1.78
2022-02-01,1.775,1.816,1.739,1.795
2022-02-02,1.8,1.811,1.745,1.775
2022-02-03,1.77,1.84,1.768,1.832
2022-02-04,1.84,1.932,1.813,1.912
2022-02-07,1.901,1.939,1.901,1.918
2022-02-08,1.958,1.97,1.929,1.965
2022-02-09,1.933,1.951,1.913,1.943
2022-02-10,1.927,2.052,1.923,2.033
2022-02-11,2.015,2.059,1.913,1.942
2022-02-14,1.963,2.022,1.906,1.987
2022-02-15,1.993,2.056,1.991,2.045
2022-02-16,2.049,2.059,2.01,2.038
2022-02-17,2.009,2.028,1.954,1.965
2022-02-18,1.981,1.984,1.918,1.927
2022-02-22,1.854,1.958,1.854,1.941
2022-02-23,1.974,1.998,1.96,1.993
2022-02-24,1.887,1.975,1.851,1.969
2022-02-25,1.953,2.009,1.934,1.963
2022-02-28,1.918,1.922,1.818,1.818
2022-03-01,1.856,1.858,1.688,1.731
2022-03-02,1.716,1.906,1.716,1.885
2022-03-03,1.859,1.89,1.832,1.842
2022-03-04,1.809,1.816,1.702,1.734
2022-03-07,1.714,1.796,1.705,1.772
2022-03-08,1.797,1.875,1.791,1.846
2022-03-09,1.865,1.957,1.861,1.95
2022-03-10,1.941,2.018,1.913,1.99
2022-03-11,1.981,2.018,1.974,1.999
2022-03-14,2.034,2.145,2.034,2.142
2022-03-15,2.108,2.162,2.082,2.149
2022-03-16,2.196,2.239,2.151,2.192
2022-03-17,2.156,2.21,2.11,2.167
2022-03-18,2.182,2.182,2.135,2.153
2022-03-21,2.18,2.319,2.18,2.297
2022-03-22,2.321,2.388,2.321,2.381
2022-03-23,2.39,2.392,2.29,2.29
2022-03-24,2.352,2.392,2.326,2.37
2022-03-25,2.367,2.495,2.343,2.488
2022-03-28,2.505,2.52,2.422,2.462
2022-03-29,2.459,2.535,2.389,2.396
2022-03-30,2.371,2.426,2.343,2.354
2022-03-31,2.334,2.349,2.309,2.342
2022-04-01,2.382,2.447,2.36,2.391
2022-04-04,2.419,2.432,2.375,2.397
2022-04-05,2.43,2.564,2.421,2.554
2022-04-06,2.603,2.658,2.584,2.601
2022-04-07,2.566,2.667,2.558,2.662
2022-04-08,2.655,2.727,2.653,2.708
2022-04-11,2.763,2.79,2.744,2.784
2022-04-12,2.83,2.832,2.681,2.725
2022-04-13,2.767,2.786,2.655,2.703
2022-04-14,2.684,2.831,2.656,2.828
2022-04-18,2.851,2.866,2.818,2.857
2022-04-19,2.849,2.944,2.849,2.94
2022-04-20,2.94,2.94,2.828,2.832
2022-04-21,2.873,2.946,2.85,2.913
2022-04-22,2.92,2.955,2.866,2.902
2022-04-25,2.835,2.841,2.764,2.824
2022-04-26,2.837,2.837,2.724,2.724
2022-04-27,2.768,2.838,2.736,2.83
2022-04-28,2.83,2.882,2.799,2.826
2022-04-29,2.841,2.939,2.835,2.939
2022-05-02,2.924,3.002,2.911,2.987
2022-05-03,2.997,3.003,2.917,2.977
2022-05-04,2.987,3.007,2.913,2.94
2022-05-05,2.95,3.102,2.933,3.042
2022-05-06,3.051,3.144,3.051,3.14
2022-05-09,3.145,3.203,3.032,3.032
2022-05-10,3.064,3.066,2.946,2.989
2022-05-11,2.966,3.076,2.915,2.927
2022-05-12,2.853,2.877,2.817,2.852
2022-05-13,2.895,2.938,2.884,2.922
2022-05-16,2.918,2.933,2.857,2.888
2022-05-17,2.911,2.995,2.908,2.988
2022-05-18,2.984,3.004,2.877,2.888
2022-05-19,2.888,2.888,2.776,2.842
2022-05-20,2.855,2.873,2.777,2.785
2022-05-23,2.828,2.869,2.805,2.853
2022-05-24,2.832,2.835,2.722,2.754
2022-05-25,2.752,2.767,2.724,2.749
2022-05-26,2.734,2.794,2.711,2.752
2022-05-27,2.741,2.759,2.715,2.743
2022-05-31,2.84,2.871,2.804,2.848
2022-06-01,2.859,2.948,2.839,2.911
2022-06-02,2.915,2.941,2.893,2.911
2022-06-03,2.917,2.981,2.915,2.941
2022-06-06,2.95,3.047,2.937,3.047
2022-06-07,3.046,3.046,2.959,2.977
2022-06-08,3.003,3.038,2.992,3.025
2022-06-09,3.036,3.068,3.009,3.046
2022-06-10,3.046,3.174,3.022,3.163
2022-06-13,3.182,3.431,3.182,3.366
2022-06-14,3.288,3.495,3.276,3.473
2022-06-15,3.404,3.437,3.288,3.29
2022-06-16,3.307,3.495,3.182,3.201
2022-06-17,3.258,3.303,3.199,3.231
2022-06-21,3.284,3.311,3.262,3.279
2022-06-22,3.235,3.239,3.137,3.162
2022-06-23,3.156,3.171,3.011,3.093
2022-06-24,3.087,3.139,3.044,3.136
2022-06-27,3.158,3.213,3.147,3.202
2022-06-28,3.192,3.257,3.175,3.177
2022-06-29,3.143,3.181,3.089,3.089
2022-06-30,3.082,3.082,2.974,3.015
2022-07-01,2.97,3.002,2.793,2.889
2022-07-05,2.937,2.954,2.784,2.807
2022-07-06,2.835,2.932,2.756,2.932
2022-07-07,2.943,3.015,2.919,3
2022-07-08,2.987,3.099,2.974,3.084
2022-07-11,3.077,3.077,2.969,2.998
2022-07-12,2.971,2.982,2.9,2.971
2022-07-13,2.972,3.056,2.904,2.935
2022-07-14,2.943,3.017,2.917,2.961
2022-07-15,2.941,2.967,2.901,2.93
2022-07-18,2.941,3.013,2.934,2.991
2022-07-19,2.973,3.03,2.965,3.026
2022-07-20,3.017,3.04,2.948,3.025
2022-07-21,3.047,3.073,2.877,2.877
2022-07-22,2.899,2.899,2.734,2.75
2022-07-25,2.792,2.84,2.776,2.805
2022-07-26,2.799,2.81,2.714,2.809
2022-07-27,2.798,2.814,2.732,2.779
2022-07-28,2.798,2.823,2.654,2.671
2022-07-29,2.665,2.723,2.62,2.658
2022-08-01,2.667,2.692,2.579,2.582
2022-08-02,2.553,2.772,2.529,2.743
2022-08-03,2.725,2.834,2.705,2.706
2022-08-04,2.732,2.745,2.659,2.694
2022-08-05,2.683,2.867,2.683,2.827
2022-08-08,2.827,2.827,2.746,2.754
2022-08-09,2.768,2.814,2.75,2.781
2022-08-10,2.797,2.812,2.688,2.783
2022-08-11,2.77,2.902,2.737,2.891
2022-08-12,2.873,2.9,2.839,2.842
2022-08-15,2.846,2.864,2.761,2.793
2022-08-16,2.782,2.869,2.777,2.809
2022-08-17,2.844,2.917,2.835,2.899
2022-08-18,2.891,2.911,2.842,2.886
2022-08-19,2.928,2.996,2.924,2.976
2022-08-22,2.965,3.039,2.946,3.026
2022-08-23,2.998,3.076,2.987,3.053
2022-08-24,3.046,3.121,3.028,3.108
2022-08-25,3.096,3.123,3.024,3.03
2022-08-26,3.058,3.084,3.015,3.024
2022-08-29,3.121,3.123,3.086,3.11
2022-08-30,3.093,3.144,3.052,3.112
2022-08-31,3.099,3.196,3.093,3.196
2022-09-01,3.2,3.295,3.185,3.261
2022-09-02,3.239,3.286,3.191,3.193
2022-09-06,3.248,3.351,3.229,3.34
2022-09-07,3.342,3.355,3.252,3.267
2022-09-08,3.227,3.325,3.216,3.323
2022-09-09,3.302,3.327,3.251,3.319
2022-09-12,3.339,3.375,3.268,3.358
2022-09-13,3.325,3.449,3.302,3.412
2022-09-14,3.412,3.474,3.389,3.406
2022-09-15,3.437,3.464,3.418,3.449
2022-09-16,3.483,3.4844,3.4203,3.4533
2022-09-19,3.448,3.514,3.448,3.494
2022-09-20,3.494,3.6,3.473,3.569
2022-09-21,3.561,3.608,3.508,3.534
2022-09-22,3.55,3.716,3.516,3.71
2022-09-23,3.712,3.811,3.667,3.687
2022-09-26,3.719,3.929,3.719,3.929
2022-09-27,3.91,3.986,3.805,3.949
2022-09-28,3.949,4.011,3.707,3.737
2022-09-29,3.759,3.862,3.723,3.781
2022-09-30,3.785,3.833,3.686,3.829
2022-10-03,3.812,3.817,3.587,3.643
2022-10-04,3.625,3.647,3.566,3.635
2022-10-05,3.627,3.789,3.619,3.755
2022-10-06,3.749,3.842,3.733,3.828
2022-10-07,3.822,3.906,3.817,3.888
2022-10-11,3.951,4.006,3.876,3.945
2022-10-12,3.947,3.97,3.888,3.902
2022-10-13,3.904,4.063,3.856,3.95
2022-10-14,3.96,4.025,3.857,4.022
2022-10-17,4.004,4.023,3.918,4.013
2022-10-18,4,4.06,3.963,4.007
2022-10-19,4.011,4.138,4.009,4.138
2022-10-20,4.144,4.241,4.111,4.232
2022-10-21,4.232,4.333,4.204,4.219
2022-10-24,4.2,4.276,4.137,4.247
2022-10-25,4.226,4.228,4.052,4.1
2022-10-26,4.085,4.106,4.005,4.007
2022-10-27,4.009,4.08,3.902,3.927
2022-10-28,3.921,4.043,3.915,4.01
2022-10-31,4.029,4.104,4.023,4.05
2022-11-01,4.058,4.071,3.926,4.048
2022-11-02,4.044,4.105,3.995,4.096
2022-11-03,4.115,4.216,4.115,4.149
2022-11-04,4.16,4.205,4.116,4.163
2022-11-07,4.154,4.224,4.125,4.218
2022-11-08,4.23,4.241,4.123,4.128
2022-11-09,4.128,4.172,4.08,4.099
2022-11-10,4.096,4.115,3.811,3.811
2022-11-14,3.899,3.902,3.857,3.863
2022-11-15,3.867,3.88,3.766,3.777
2022-11-16,3.773,3.837,3.677,3.69
2022-11-17,3.701,3.796,3.69,3.769
2022-11-18,3.768,3.833,3.747,3.829
2022-11-21,3.82,3.842,3.769,3.84
2022-11-22,3.831,3.831,3.748,3.758
2022-11-23,3.758,3.795,3.689,3.689
2022-11-25,3.6595,3.746,3.6536,3.691
2022-11-28,3.696,3.718,3.622,3.679
2022-11-29,3.694,3.757,3.651,3.75
2022-11-30,3.746,3.794,3.604,3.611
2022-12-01,3.615,3.64,3.505,3.51
2022-12-02,3.521,3.614,3.479,3.492
2022-12-05,3.524,3.608,3.504,3.583
2022-12-06,3.583,3.603,3.513,3.531
2022-12-07,3.541,3.555,3.408,3.421
2022-12-08,3.439,3.506,3.433,3.489
2022-12-09,3.486,3.593,3.452,3.586
2022-12-12,3.584,3.622,3.521,3.617
2022-12-13,3.611,3.611,3.447,3.501
2022-12-14,3.499,3.556,3.463,3.479
2022-12-15,3.494,3.51,3.43,3.45
2022-12-16,3.459,3.548,3.459,3.488
2022-12-19,3.502,3.601,3.5,3.59
2022-12-20,3.592,3.705,3.583,3.692
2022-12-21,3.696,3.72,3.627,3.673
2022-12-22,3.664,3.686,3.632,3.686
2022-12-23,3.682,3.753,3.68,3.751
2022-12-27,3.745,3.86,3.73,3.849
2022-12-28,3.845,3.888,3.807,3.886
2022-12-29,3.875,3.885,3.818,3.82
2022-12-30,3.826,3.901,3.82,3.879
2023-01-03,3.879,3.879,3.728,3.752
2023-01-04,3.758,3.761,3.67,3.69
2023-01-05,3.694,3.772,3.686,3.722
2023-01-06,3.728,3.748,3.553,3.56
2023-01-09,3.56,3.608,3.51,3.527
2023-01-10,3.534,3.634,3.521,3.615
2023-01-11,3.615,3.615,3.53,3.543
2023-01-12,3.545,3.563,3.444,3.444
2023-01-13,3.446,3.513,3.427,3.498
2023-01-17,3.524,3.577,3.502,3.549
2023-01-18,3.549,3.561,3.368,3.373
2023-01-19,3.379,3.422,3.321,3.399
2023-01-20,3.401,3.497,3.392,3.482
2023-01-23,3.484,3.541,3.464,3.521
2023-01-24,3.515,3.545,3.455,3.455
2023-01-25,3.447,3.484,3.421,3.451
2023-01-26,3.442,3.511,3.436,3.506
2023-01-27,3.504,3.561,3.504,3.507
2023-01-30,3.513,3.566,3.496,3.542
2023-01-31,3.548,3.55,3.49,3.51
2023-02-01,3.512,3.52,3.393,3.417
2023-02-02,3.422,3.424,3.342,3.402
2023-02-03,3.394,3.551,3.365,3.519
2023-02-06,3.56,3.649,3.539,3.644
2023-02-07,3.642,3.687,3.604,3.679
2023-02-08,3.672,3.69,3.615,3.615
2023-02-09,3.603,3.683,3.579,3.664
2023-02-10,3.669,3.751,3.662,3.744
2023-02-13,3.744,3.751,3.704,3.704
2023-02-14,3.709,3.791,3.667,3.753
2023-02-15,3.744,3.818,3.726,3.803
2023-02-16,3.814,3.869,3.768,3.863
2023-02-17,3.865,3.923,3.815,3.821
2023-02-21,3.849,3.96,3.846,3.954
2023-02-22,3.957,3.966,3.892,3.927
2023-02-23,3.92,3.962,3.867,3.89
2023-02-24,3.883,3.974,3.856,3.947
2023-02-27,3.941,3.971,3.898,3.922
2023-02-28,3.922,3.983,3.902,3.928
2023-03-01,3.939,4.006,3.916,3.994
2023-03-02,3.993,4.089,3.99,4.062
2023-03-03,4.067,4.069,3.956,3.958
2023-03-06,3.965,3.985,3.899,3.964
2023-03-07,3.967,3.999,3.926,3.97
2023-03-08,3.977,4.009,3.907,3.989
2023-03-09,3.983,4.011,3.899,3.907
2023-03-10,3.896,3.901,3.68,3.704
2023-03-13,3.718,3.752,3.425,3.545
2023-03-14,3.571,3.695,3.502,3.685
2023-03-15,3.687,3.705,3.399,3.462
2023-03-16,3.455,3.587,3.378,3.579
2023-03-17,3.57,3.594,3.386,3.438
2023-03-20,3.47,3.517,3.297,3.483
2023-03-21,3.496,3.613,3.447,3.607
2023-03-22,3.6,3.64,3.434,3.451
2023-03-23,3.445,3.513,3.376,3.413
2023-03-24,3.419,3.421,3.293,3.373
2023-03-27,3.397,3.545,3.369,3.539
2023-03-28,3.526,3.573,3.502,3.571
2023-03-29,3.573,3.608,3.537,3.566
2023-03-30,3.57,3.591,3.539,3.547
2023-03-31,3.549,3.581,3.471,3.473
2023-04-03,3.522,3.543,3.409,3.415
2023-04-04,3.411,3.485,3.335,3.339
2023-04-05,3.348,3.372,3.27,3.309
2023-04-06,3.305,3.313,3.266,3.303
2023-04-10,3.376,3.434,3.357,3.415
2023-04-11,3.421,3.456,3.383,3.432
2023-04-12,3.43,3.456,3.362,3.4
2023-04-13,3.387,3.456,3.372,3.449
2023-04-14,3.451,3.532,3.424,3.515
2023-04-17,3.528,3.608,3.507,3.606
2023-04-18,3.599,3.606,3.555,3.578
2023-04-19,3.583,3.637,3.578,3.591
2023-04-20,3.591,3.6,3.528,3.536
2023-04-21,3.539,3.576,3.503,3.568
2023-04-24,3.57,3.57,3.494,3.496
2023-04-25,3.477,3.492,3.381,3.4
2023-04-26,3.418,3.452,3.379,3.445
2023-04-27,3.445,3.534,3.435,3.528
2023-04-28,3.522,3.538,3.428,3.433
2023-05-01,3.448,3.606,3.448,3.57
2023-05-02,3.568,3.568,3.426,3.433
2023-05-03,3.431,3.441,3.341,3.364
2023-05-04,3.334,3.403,3.311,3.377
2023-05-05,3.384,3.462,3.384,3.441
2023-05-08,3.456,3.521,3.424,3.507
2023-05-09,3.513,3.532,3.479,3.522
2023-05-10,3.517,3.526,3.431,3.439
2023-05-11,3.438,3.442,3.349,3.386
2023-05-12,3.382,3.468,3.371,3.462
2023-05-15,3.466,3.511,3.459,3.507
2023-05-16,3.506,3.572,3.461,3.541
2023-05-17,3.541,3.592,3.515,3.572
2023-05-18,3.572,3.664,3.552,3.656
2023-05-19,3.652,3.733,3.63,3.691
2023-05-22,3.686,3.735,3.657,3.717
2023-05-23,3.716,3.763,3.688,3.696
2023-05-24,3.695,3.749,3.664,3.748
2023-05-25,3.744,3.829,3.722,3.822
2023-05-26,3.821,3.862,3.781,3.795
2023-05-29,3.827,3.845,3.757,3.769
2023-05-30,3.771,3.774,3.682,3.692
2023-05-31,3.698,3.701,3.613,3.643
2023-06-01,3.632,3.689,3.57,3.601
2023-06-02,3.601,3.711,3.601,3.699
2023-06-05,3.71,3.763,3.658,3.689
2023-06-06,3.688,3.734,3.657,3.677
2023-06-07,3.665,3.803,3.653,3.793
2023-06-08,3.8,3.822,3.707,3.718
2023-06-09,3.721,3.78,3.716,3.743
2023-06-12,3.764,3.794,3.71,3.743
2023-06-13,3.743,3.847,3.675,3.827
2023-06-14,3.817,3.854,3.772,3.79
2023-06-15,3.799,3.848,3.702,3.72
2023-06-16,3.72,3.81,3.716,3.769
2023-06-19,3.768,3.826,3.75,3.823
2023-06-20,3.821,3.828,3.702,3.719
2023-06-21,3.72,3.795,3.71,3.727
2023-06-22,3.725,3.808,3.723,3.797
2023-06-23,3.789,3.797,3.695,3.737
2023-06-26,3.731,3.739,3.678,3.723
2023-06-27,3.719,3.779,3.691,3.772
2023-06-28,3.772,3.776,3.705,3.714
2023-06-29,3.712,3.871,3.708,3.842
2023-06-30,3.843,3.895,3.802,3.841
2023-07-03,3.846,3.871,3.778,3.858
2023-07-05,3.858,3.951,3.833,3.933
2023-07-06,3.933,4.087,3.929,4.031
2023-07-07,4.031,4.098,4.004,4.066
2023-07-10,4.069,4.092,3.985,4
2023-07-11,3.999,4.006,3.95,3.978
2023-07-12,3.971,3.973,3.843,3.861
2023-07-13,3.862,3.865,3.754,3.767
2023-07-14,3.766,3.837,3.759,3.83
2023-07-17,3.834,3.839,3.771,3.809
2023-07-18,3.807,3.809,3.734,3.789
2023-07-19,3.794,3.797,3.729,3.748
2023-07-20,3.755,3.876,3.745,3.856
2023-07-21,3.855,3.863,3.806,3.837
2023-07-24,3.84,3.879,3.792,3.878
2023-07-25,3.875,3.926,3.859,3.89
2023-07-26,3.892,3.909,3.85,3.873
2023-07-27,3.872,4.024,3.84,4.002
2023-07-28,4.004,4.044,3.936,3.955
2023-07-31,3.963,4.007,3.926,3.967
2023-08-01,3.96,4.059,3.95,4.037
2023-08-02,4.023,4.129,4.006,4.09
2023-08-03,4.082,4.199,4.079,4.179
2023-08-04,4.181,4.222,4.036,4.042
2023-08-07,4.053,4.123,4.046,4.097
2023-08-08,4.092,4.096,3.98,4.028
2023-08-09,4.026,4.043,3.985,4.016
2023-08-10,4.01,4.122,3.953,4.107
2023-08-11,4.12,4.185,4.082,4.158
2023-08-14,4.184,4.217,4.147,4.201
2023-08-15,4.193,4.278,4.166,4.219
2023-08-16,4.216,4.283,4.174,4.258
2023-08-17,4.257,4.332,4.243,4.284
2023-08-18,4.281,4.284,4.217,4.251
2023-08-21,4.25,4.357,4.247,4.342
2023-08-22,4.336,4.366,4.306,4.332
2023-08-23,4.324,4.331,4.184,4.196
2023-08-24,4.2,4.248,4.175,4.241
2023-08-25,4.243,4.288,4.203,4.231
2023-08-28,4.237,4.256,4.194,4.206
2023-08-29,4.206,4.244,4.107,4.12
2023-08-30,4.124,4.16,4.088,4.112
2023-08-31,4.11,4.122,4.079,4.106
2023-09-01,4.116,4.205,4.07,4.181
2023-09-05,4.208,4.277,4.203,4.266
2023-09-06,4.263,4.307,4.24,4.296
2023-09-07,4.29,4.312,4.248,4.25
2023-09-08,4.252,4.268,4.211,4.26
2023-09-11,4.269,4.307,4.262,4.294
2023-09-12,4.291,4.3,4.263,4.28
2023-09-13,4.284,4.362,4.234,4.254
2023-09-14,4.253,4.3,4.22,4.286
2023-09-15,4.288,4.343,4.272,4.336
2023-09-18,4.338,4.413,4.303,4.303
2023-09-19,4.306,4.372,4.301,4.365
2023-09-20,4.362,4.414,4.313,4.399
2023-09-21,4.411,4.5,4.407,4.494
2023-09-22,4.498,4.511,4.424,4.438
2023-09-25,4.433,4.553,4.428,4.531
2023-09-26,4.537,4.571,4.485,4.55
2023-09-27,4.543,4.648,4.492,4.607
2023-09-28,4.611,4.696,4.574,4.579
2023-09-29,4.585,4.606,4.51,4.579
2023-10-02,4.61,4.71,4.602,4.687
2023-10-03,4.681,4.821,4.666,4.795
2023-10-04,4.803,4.887,4.716,4.735
2023-10-05,4.733,4.776,4.7,4.721
2023-10-06,4.719,4.892,4.71,4.795
2023-10-09,4.748,4.759,4.622,4.64
2023-10-10,4.64,4.716,4.613,4.655
2023-10-11,4.66,4.66,4.544,4.56
2023-10-12,4.558,4.73,4.531,4.699
2023-10-13,4.701,4.703,4.583,4.614
2023-10-16,4.646,4.728,4.635,4.708
2023-10-17,4.716,4.861,4.708,4.836
2023-10-18,4.841,4.928,4.812,4.915
2023-10-19,4.916,4.997,4.893,4.992
2023-10-20,4.995,4.999,4.892,4.918
2023-10-23,4.958,5.023,4.828,4.853
2023-10-24,4.849,4.892,4.798,4.827
2023-10-25,4.822,4.967,4.806,4.959
2023-10-26,4.96,4.993,4.838,4.847
2023-10-27,4.853,4.893,4.83,4.839
2023-10-30,4.882,4.925,4.835,4.893
2023-10-31,4.893,4.938,4.804,4.93
2023-11-01,4.93,4.938,4.733,4.734
2023-11-02,4.729,4.751,4.623,4.661
2023-11-03,4.668,4.679,4.481,4.577
2023-11-06,4.584,4.672,4.577,4.647
2023-11-07,4.648,4.666,4.545,4.569
2023-11-08,4.571,4.614,4.491,4.495
2023-11-09,4.504,4.6538,4.475,4.63
2023-11-10,4.6419,4.6558,4.5668,4.6558
2023-11-13,4.6439,4.6956,4.6241,4.6419
2023-11-14,4.6459,4.6558,4.4317,4.4492
2023-11-15,4.4453,4.5589,4.4259,4.5333
2023-11-16,4.5255,4.5274,4.4316,4.4375
2023-11-17,4.4394,4.4686,4.3791,4.4354
2023-11-20,4.4549,4.4881,4.4101,4.4218
2023-11-21,4.4179,4.4432,4.3829,4.3907
2023-11-22,4.3945,4.447,4.3634,4.4081
2023-11-24,4.449,4.4939,4.4431,4.4724
2023-11-27,4.492,4.5136,4.3807,4.3904
2023-11-28,4.4021,4.4215,4.3207,4.3226
2023-11-29,4.3188,4.3284,4.2533,4.2571
2023-11-30,4.2667,4.369,4.2475,4.3302
2023-12-01,4.3206,4.3494,4.1956,4.1956
2023-12-04,4.2242,4.2991,4.2242,4.2529
2023-12-05,4.2548,4.2645,4.163,4.1649
2023-12-06,4.1744,4.2049,4.104,4.1059
2023-12-07,4.1135,4.1857,4.1039,4.1495
2023-12-08,4.1514,4.2776,4.1473,4.2276
2023-12-11,4.241,4.2949,4.2294,4.2352
2023-12-12,4.2409,4.2505,4.1528,4.2025
2023-12-13,4.2063,4.2102,4.007,4.0183
2023-12-14,4.0202,4.0239,3.8854,3.9189
2023-12-15,3.9338,3.9727,3.8943,3.9129
2023-12-18,3.9353,3.9707,3.8904,3.9314
2023-12-19,3.9314,3.952,3.894,3.9331
2023-12-20,3.9201,3.9219,3.8474,3.8492
2023-12-21,3.8641,3.9049,3.8287,3.89
2023-12-22,3.8862,3.9211,3.8485,3.9006
2023-12-26,3.8987,3.9098,3.8762,3.8967
2023-12-27,3.9023,3.9042,3.7833,3.7963
2023-12-28,3.7981,3.861,3.7963,3.848
2023-12-29,3.8424,3.8977,3.8325,3.866
2024-01-02,3.8808,3.9745,3.8808,3.9313
2024-01-03,3.9443,4.0102,3.8937,3.9199
2024-01-04,3.9161,4.0063,3.901,4.0044
2024-01-05,4.0025,4.1028,3.9532,4.0495
2024-01-08,4.0608,4.0684,3.9662,4.0304
2024-01-09,4.0248,4.0531,3.9963,4.0171
2024-01-10,4.0209,4.0435,3.9792,4.0321
2024-01-11,4.0189,4.0681,3.9658,3.9677
2024-01-12,3.9621,4.0069,3.9164,3.9427
2024-01-16,3.9975,4.0829,3.9841,4.06
2024-01-17,4.0467,4.1287,4.0447,4.1038
2024-01-18,4.0885,4.1535,4.0712,4.1439
2024-01-19,4.1535,4.1976,4.1226,4.1264
2024-01-22,4.1072,4.1398,4.0746,4.1072
2024-01-23,4.1033,4.1551,4.0879,4.1397
2024-01-24,4.1262,4.1877,4.0859,4.1781
2024-01-25,4.1704,4.1877,4.1203,4.1203
2024-01-26,4.0992,4.1662,4.0932,4.1393
2024-01-29,4.1316,4.1335,4.0587,4.0778
2024-01-30,4.0606,4.1026,4.0338,4.0338
2024-01-31,4.0242,4.0356,3.9124,3.9142
2024-02-01,3.9463,3.9576,3.8165,3.8821
2024-02-02,3.893,4.0542,3.8742,4.0256
2024-02-05,4.0695,4.1772,4.058,4.1598
2024-02-06,4.1309,4.1713,4.0789,4.1039
2024-02-07,4.0904,4.1346,4.0654,4.123
2024-02-08,4.0921,4.1734,4.0902,4.1579
2024-02-09,4.1443,4.1948,4.125,4.1773
2024-02-12,4.1832,4.1968,4.1463,4.1812
2024-02-13,4.1812,4.3281,4.1501,4.3163
2024-02-14,4.3123,4.3222,4.2456,4.2573
2024-02-15,4.2319,4.2554,4.1871,4.2339
2024-02-16,4.2554,4.3304,4.2515,4.2831
2024-02-20,4.3047,4.3048,4.2439,4.2792
2024-02-21,4.2753,4.32899,4.2557,4.3206
2024-02-22,4.323,4.354,4.295,4.3306
2024-02-23,4.343,4.351,4.246,4.248
2024-02-26,4.233,4.31,4.212,4.282
2024-02-27,4.274,4.322,4.257,4.303
2024-02-28,4.297,4.31,4.265,4.266
2024-02-29,4.276,4.32,4.227,4.252
2024-03-01,4.252,4.299,4.175,4.182
2024-03-04,4.189,4.236,4.189,4.215
2024-03-05,4.222,4.223,4.109,4.154
2024-03-06,4.152,4.172,4.076,4.106
2024-03-07,4.122,4.129,4.051,4.087
2024-03-08,4.094,4.136,4.035,4.077
2024-03-11,4.065,4.119,4.051,4.1
2024-03-12,4.101,4.174,4.083,4.155
2024-03-13,4.151,4.197,4.131,4.192
2024-03-14,4.187,4.301,4.187,4.292
2024-03-15,4.283,4.323,4.271,4.308
2024-03-18,4.296,4.351,4.291,4.334
2024-03-19,4.329,4.336,4.282,4.298
2024-03-20,4.293,4.324,4.228,4.277
2024-03-21,4.273,4.293,4.216,4.277
2024-03-22,4.259,4.269,4.198,4.21
2024-03-25,4.208,4.262,4.205,4.247
2024-03-26,4.235,4.275,4.226,4.234
2024-03-27,4.238,4.241,4.182,4.1884
2024-03-28,4.206,4.238,4.183,4.2062
2024-04-01,4.21,4.342,4.189,4.323
2024-04-02,4.305,4.408,4.303,4.356
2024-04-03,4.356,4.429,4.345,4.352
2024-04-04,4.357,4.381,4.299,4.311
2024-04-05,4.31,4.408,4.305,4.406
2024-04-08,4.427,4.467,4.406,4.422
2024-04-09,4.421,4.421,4.353,4.364
2024-04-10,4.359,4.571,4.341,4.546
2024-04-11,4.535,4.594,4.513,4.591
2024-04-12,4.561,4.576,4.481,4.523
2024-04-15,4.542,4.666,4.532,4.606
2024-04-16,4.606,4.698,4.606,4.67
2024-04-17,4.66,4.683,4.575,4.589
2024-04-18,4.577,4.657,4.56,4.635
2024-04-19,4.542,4.632,4.494,4.623
2024-04-22,4.653,4.672,4.609,4.611
2024-04-23,4.617,4.657,4.567,4.603
2024-04-24,4.616,4.673,4.613,4.644
2024-04-25,4.642,4.745,4.617,4.706
2024-04-26,4.706,4.71,4.633,4.667
2024-04-29,4.663,4.663,4.607,4.616
2024-04-30,4.609,4.695,4.601,4.682
2024-05-01,4.669,4.697,4.579,4.632
2024-05-02,4.624,4.652,4.566,4.583
2024-05-03,4.577,4.596,4.446,4.512
2024-05-06,4.509,4.513,4.467,4.489
2024-05-07,4.489,4.494,4.417,4.459
2024-05-08,4.465,4.5,4.455,4.496
2024-05-09,4.507,4.523,4.448,4.457
2024-05-10,4.457,4.51,4.442,4.498
2024-05-13,4.495,4.499,4.457,4.49
2024-05-14,4.486,4.534,4.44,4.442
2024-05-15,4.444,4.448,4.338,4.342
2024-05-16,4.318,4.384,4.311,4.377
2024-05-17,4.365,4.426,4.362,4.422
2024-05-20,4.409,4.457,4.407,4.447
2024-05-21,4.444,4.451,4.398,4.414
2024-05-22,4.411,4.462,4.409,4.426
2024-05-23,4.42,4.501,4.409,4.479
2024-05-24,4.472,4.507,4.455,4.457
2024-05-28,4.465,4.553,4.446,4.552
2024-05-29,4.558,4.638,4.554,4.616
2024-05-30,4.627,4.627,4.541,4.548
2024-05-31,4.539,4.573,4.483,4.5
2024-06-03,4.49,4.499,4.389,4.39
2024-06-04,4.408,4.414,4.312,4.328
2024-06-05,4.339,4.358,4.271,4.277
2024-06-06,4.294,4.319,4.273,4.289
2024-06-07,4.294,4.441,4.245,4.436
2024-06-10,4.452,4.482,4.445,4.469
2024-06-11,4.451,4.462,4.394,4.406
2024-06-12,4.401,4.426,4.247,4.318
2024-06-13,4.316,4.33,4.219,4.246
2024-06-14,4.259,4.271,4.185,4.223
2024-06-17,4.243,4.299,4.227,4.283
2024-06-18,4.27,4.302,4.207,4.225
2024-06-20,4.248,4.298,4.229,4.263
2024-06-21,4.27,4.281,4.217,4.258
2024-06-24,4.25,4.279,4.228,4.234
2024-06-25,4.236,4.261,4.208,4.25
2024-06-26,4.266,4.335,4.257,4.331
2024-06-27,4.346,4.348,4.273,4.288
2024-06-28,4.321,4.406,4.261,4.4
2024-07-01,4.398,4.497,4.388,4.468
2024-07-02,4.459,4.463,4.41,4.434
2024-07-03,4.426,4.444,4.333,4.36
2024-07-05,4.365,4.403,4.266,4.28
2024-07-08,4.3,4.316,4.262,4.282
2024-07-09,4.278,4.328,4.27,4.298
2024-07-10,4.31,4.31,4.264,4.286
2024-07-11,4.287,4.296,4.162,4.212
2024-07-12,4.224,4.253,4.174,4.185
2024-07-15,4.243,4.248,4.197,4.231
2024-07-16,4.213,4.228,4.152,4.16
2024-07-17,4.167,4.194,4.141,4.16
2024-07-18,4.174,4.204,4.153,4.204
2024-07-19,4.202,4.25,4.185,4.241
2024-07-22,4.231,4.28,4.206,4.255
2024-07-23,4.245,4.257,4.222,4.253
2024-07-24,4.255,4.293,4.209,4.288
2024-07-25,4.262,4.27,4.194,4.243
2024-07-26,4.247,4.268,4.173,4.18
2024-07-29,4.176,4.188,4.153,4.176
2024-07-30,4.181,4.19,4.129,4.141
2024-07-31,4.143,4.154,4.029,4.033
2024-08-01,4.041,4.065,3.961,3.978
2024-08-02,3.959,3.971,3.734,3.772
2024-08-05,3.76,3.83,3.657,3.79
2024-08-06,3.833,3.909,3.802,3.894
2024-08-07,3.91,3.977,3.892,3.945
2024-08-08,3.928,4.022,3.894,3.991
2024-08-09,3.973,3.98,3.922,3.942
2024-08-12,3.947,3.97,3.898,3.905
2024-08-13,3.91,3.928,3.845,3.845
2024-08-14,3.862,3.875,3.797,3.839
2024-08-15,3.848,3.961,3.828,3.915
2024-08-16,3.915,3.935,3.864,3.885
2024-08-19,3.906,3.908,3.854,3.873
2024-08-20,3.873,3.89,3.809,3.81
2024-08-21,3.81,3.838,3.763,3.805
2024-08-22,3.81,3.88,3.79,3.854
2024-08-23,3.838,3.862,3.79,3.801
2024-08-26,3.787,3.822,3.774,3.818
2024-08-27,3.812,3.87,3.812,3.824
2024-08-28,3.829,3.848,3.807,3.837
2024-08-29,3.836,3.894,3.818,3.863
2024-08-30,3.865,3.929,3.848,3.905
2024-09-03,3.917,3.924,3.812,3.833
2024-09-04,3.829,3.841,3.754,3.757
2024-09-05,3.766,3.774,3.72,3.731
2024-09-06,3.728,3.778,3.642,3.712
2024-09-09,3.737,3.763,3.688,3.702
2024-09-10,3.715,3.725,3.635,3.646
2024-09-11,3.634,3.688,3.603,3.655
2024-09-12,3.662,3.703,3.627,3.676
2024-09-13,3.645,3.676,3.622,3.655
2024-09-16,3.644,3.662,3.617,3.619
2024-09-17,3.625,3.659,3.6,3.647
2024-09-18,3.642,3.729,3.64,3.706
2024-09-19,3.741,3.778,3.692,3.717
2024-09-20,3.708,3.766,3.699,3.744
2024-09-23,3.757,3.798,3.73,3.753
2024-09-24,3.745,3.814,3.728,3.73
2024-09-25,3.744,3.798,3.728,3.787
2024-09-26,3.788,3.826,3.756,3.798
2024-09-27,3.797,3.815,3.744,3.752
2024-09-30,3.756,3.814,3.751,3.786
2024-10-01,3.776,3.797,3.698,3.733
2024-10-02,3.74,3.822,3.73,3.785
2024-10-03,3.796,3.862,3.788,3.848
2024-10-04,3.844,3.994,3.834,3.969
2024-10-07,3.98,4.038,3.969,4.027
2024-10-08,4.015,4.061,3.996,4.014
2024-10-09,4.015,4.082,4.008,4.074
2024-10-10,4.073,4.127,4.051,4.066
2024-10-11,4.068,4.116,4.061,4.102
2024-10-14,4.1,4.148,4.093,4.107
2024-10-15,4.088,4.097,4.026,4.036
2024-10-16,4.032,4.039,3.991,4.016
2024-10-17,4.03,4.102,4.026,4.093
2024-10-18,4.093,4.123,4.065,4.075
2024-10-21,4.084,4.201,4.077,4.198
2024-10-22,4.191,4.225,4.169,4.214
2024-10-23,4.224,4.264,4.22,4.253
2024-10-24,4.233,4.244,4.183,4.214
2024-10-25,4.197,4.253,4.174,4.232
2024-10-28,4.276,4.302,4.228,4.278
2024-10-29,4.273,4.34,4.248,4.251
2024-10-30,4.248,4.308,4.192,4.296
2024-10-31,4.288,4.339,4.262,4.285
2024-11-01,4.284,4.394,4.223,4.386
2024-11-04,4.309,4.336,4.265,4.287
2024-11-05,4.305,4.368,4.273,4.273
2024-11-06,4.452,4.488,4.375,4.433
2024-11-07,4.428,4.459,4.312,4.33
2024-11-08,4.335,4.344,4.265,4.306
2024-11-12,4.324,4.448,4.318,4.429
2024-11-13,4.437,4.467,4.359,4.455
2024-11-14,4.482,4.488,4.387,4.444
2024-11-15,4.46,4.51,4.402,4.441
2024-11-18,4.44,4.493,4.407,4.416
2024-11-19,4.405,4.414,4.337,4.399
2024-11-20,4.397,4.441,4.386,4.414
2024-11-21,4.404,4.441,4.375,4.424
2024-11-22,4.415,4.43,4.381,4.411
2024-11-25,4.35,4.367,4.261,4.277
2024-11-26,4.289,4.327,4.274,4.31
2024-11-27,4.305,4.308,4.229,4.265
2024-11-29,4.246,4.248,4.172,4.178
2024-12-02,4.215,4.248,4.17,4.194
2024-12-03,4.191,4.242,4.163,4.226
2024-12-04,4.231,4.286,4.177,4.182
2024-12-05,4.196,4.228,4.172,4.178
2024-12-06,4.179,4.223,4.123,4.155
2024-12-09,4.142,4.203,4.132,4.203
2024-12-10,4.193,4.249,4.184,4.228
2024-12-11,4.237,4.281,4.2,4.273
2024-12-12,4.288,4.342,4.27,4.33
2024-12-13,4.326,4.411,4.316,4.402
2024-12-16,4.391,4.413,4.362,4.401
2024-12-17,4.395,4.438,4.373,4.401
2024-12-18,4.394,4.531,4.38,4.524
2024-12-19,4.513,4.597,4.512,4.566
2024-12-20,4.56,4.565,4.48,4.524
2024-12-23,4.53,4.599,4.518,4.588
2024-12-24,4.585,4.63,4.582,4.591
2024-12-26,4.599,4.643,4.57,4.585
2024-12-27,4.577,4.634,4.57,4.631
2024-12-30,4.628,4.63,4.532,4.535
2024-12-31,4.519,4.586,4.507,4.576
2025-01-02,4.571,4.598,4.516,4.563
2025-01-03,4.56,4.604,4.534,4.601
2025-01-06,4.62,4.645,4.576,4.633
2025-01-07,4.617,4.704,4.604,4.687
2025-01-08,4.681,4.733,4.663,4.691
2025-01-09,4.671,4.691,4.643,4.689
2025-01-10,4.677,4.797,4.677,4.761
2025-01-13,4.764,4.807,4.757,4.782
2025-01-14,4.774,4.823,4.751,4.794
2025-01-15,4.783,4.785,4.634,4.652
2025-01-16,4.658,4.691,4.583,4.61
2025-01-17,4.607,4.629,4.561,4.623
2025-01-21,4.539,4.592,4.526,4.579
2025-01-22,4.588,4.617,4.554,4.615
2025-01-23,4.604,4.667,4.595,4.646
2025-01-24,4.623,4.663,4.603,4.617
2025-01-27,4.583,4.595,4.494,4.536
2025-01-28,4.552,4.579,4.53,4.534
2025-01-29,4.523,4.592,4.507,4.53
2025-01-30,4.534,4.536,4.483,4.516
2025-01-31,4.532,4.581,4.5,4.543
2025-02-03,4.5,4.565,4.458,4.557
2025-02-04,4.565,4.596,4.505,4.512
2025-02-05,4.518,4.519,4.399,4.42
2025-02-06,4.422,4.46,4.41,4.437
2025-02-07,4.438,4.512,4.372,4.495
2025-02-10,4.485,4.507,4.456,4.5
2025-02-11,4.494,4.549,4.492,4.536
2025-02-12,4.543,4.661,4.5,4.629
2025-02-13,4.612,4.619,4.512,4.528
2025-02-14,4.53,4.546,4.446,4.477
2025-02-18,4.509,4.56,4.503,4.553
2025-02-19,4.551,4.578,4.527,4.536
2025-02-20,4.518,4.535,4.491,4.506
2025-02-21,4.493,4.5,4.403,4.431
2025-02-24,4.44,4.456,4.388,4.401
2025-02-25,4.371,4.381,4.283,4.298
2025-02-26,4.327,4.338,4.248,4.257
2025-02-27,4.278,4.315,4.257,4.263
2025-02-28,4.226,4.279,4.192,4.202
2025-03-03,4.238,4.267,4.142,4.153
2025-03-04,4.142,4.256,4.104,4.248
2025-03-05,4.254,4.294,4.183,4.282
2025-03-06,4.321,4.346,4.266,4.28
2025-03-07,4.255,4.329,4.207,4.304
2025-03-10,4.284,4.297,4.196,4.215
2025-03-11,4.166,4.298,4.165,4.282
2025-03-12,4.277,4.336,4.248,4.314
2025-03-13,4.305,4.356,4.255,4.271
2025-03-14,4.28,4.325,4.277,4.32
2025-03-17,4.309,4.334,4.259,4.302
2025-03-18,4.295,4.34,4.266,4.286
2025-03-19,4.295,4.323,4.24,4.245
2025-03-20,4.231,4.249,4.171,4.24
2025-03-21,4.243,4.256,4.199,4.25
2025-03-24,4.271,4.342,4.269,4.339
2025-03-25,4.332,4.369,4.297,4.314
2025-03-26,4.331,4.364,4.314,4.354
2025-03-27,4.346,4.403,4.346,4.361
2025-03-28,4.343,4.35,4.244,4.253
2025-03-31,4.212,4.259,4.178,4.209
2025-04-01,4.211,4.214,4.13,4.169
2025-04-02,4.194,4.235,4.106,4.13
2025-04-03,4.068,4.1,3.996,4.032
2025-04-04,4.01,4.017,3.86,4
2025-04-07,3.951,4.247,3.878,4.189
2025-04-08,4.168,4.298,4.126,4.296
2025-04-09,4.339,4.515,4.295,4.335
2025-04-10,4.286,4.432,4.268,4.43
2025-04-11,4.457,4.593,4.382,4.497
2025-04-14,4.482,4.487,4.36,4.378
2025-04-15,4.355,4.409,4.304,4.335
2025-04-16,4.328,4.35,4.259,4.273
2025-04-17,4.3,4.341,4.273,4.329
2025-04-21,4.343,4.421,4.329,4.412
2025-04-22,4.405,4.439,4.37,4.403
2025-04-23,4.341,4.401,4.245,4.387
2025-04-24,4.358,4.371,4.301,4.317
2025-04-25,4.315,4.317,4.236,4.255
2025-04-28,4.233,4.295,4.202,4.21
2025-04-29,4.225,4.247,4.161,4.174
2025-04-30,4.163,4.23,4.135,4.161
2025-05-01,4.186,4.241,4.123,4.22
2025-05-02,4.238,4.334,4.197,4.308
2025-05-05,4.322,4.37,4.291,4.35
2025-05-06,4.365,4.379,4.296,4.3
2025-05-07,4.305,4.333,4.258,4.27
2025-05-08,4.277,4.398,4.277,4.382
2025-05-09,4.367,4.398,4.34,4.382
2025-05-12,4.412,4.479,4.402,4.473
2025-05-13,4.453,4.506,4.424,4.469
2025-05-14,4.478,4.55,4.448,4.544
2025-05-15,4.541,4.542,4.429,4.435
2025-05-16,4.424,4.5,4.389,4.445
2025-05-19,4.484,4.566,4.446,4.451
2025-05-20,4.449,4.524,4.427,4.487
2025-05-21,4.497,4.607,4.497,4.602
2025-05-22,4.592,4.629,4.528,4.53
2025-05-23,4.519,4.544,4.445,4.521
2025-05-27,4.495,4.495,4.428,4.448
2025-05-28,4.466,4.502,4.437,4.48
2025-05-29,4.5,4.541,4.413,4.42
2025-05-30,4.42,4.441,4.381,4.398
2025-06-02,4.425,4.469,4.408,4.439
2025-06-03,4.452,4.474,4.404,4.456
2025-06-04,4.452,4.471,4.345,4.356
2025-06-05,4.367,4.402,4.309,4.393
2025-06-06,4.385,4.52,4.373,4.514
2025-06-09,4.505,4.521,4.471,4.477
2025-06-10,4.49,4.492,4.436,4.471
2025-06-11,4.464,4.514,4.405,4.424
2025-06-12,4.396,4.42,4.34,4.362
2025-06-13,4.332,4.45,4.314,4.402
2025-06-16,4.415,4.462,4.399,4.447
2025-06-17,4.425,4.445,4.379,4.392
2025-06-18,4.399,4.412,4.335,4.394
2025-06-20,4.396,4.444,4.358,4.378
2025-06-23,4.398,4.408,4.288,4.348
2025-06-24,4.35,4.37,4.283,4.297
2025-06-25,4.301,4.337,4.274,4.292
2025-06-26,4.268,4.294,4.238,4.243
2025-06-27,4.254,4.292,4.238,4.28
2025-06-30,4.278,4.29,4.218,4.229
2025-07-01,4.216,4.281,4.185,4.248
2025-07-02,4.252,4.31,4.246,4.281
2025-07-03,4.26,4.382,4.251,4.337
2025-07-07,4.331,4.399,4.322,4.384
2025-07-08,4.384,4.436,4.375,4.401
2025-07-09,4.41,4.422,4.331,4.331
2025-07-10,4.326,4.377,4.326,4.355
2025-07-11,4.36,4.429,4.358,4.412
2025-07-14,4.414,4.449,4.403,4.436
2025-07-15,4.443,4.495,4.396,4.488
2025-07-16,4.48,4.495,4.436,4.458
2025-07-17,4.469,4.497,4.429,4.453
2025-07-18,4.443,4.451,4.414,4.416
2025-07-21,4.418,4.427,4.348,4.379
2025-07-22,4.368,4.398,4.327,4.345
2025-07-23,4.357,4.4,4.354,4.383
2025-07-24,4.385,4.443,4.383,4.397
2025-07-25,4.395,4.428,4.339,4.391
2025-07-28,4.393,4.431,4.367,4.413
2025-07-29,4.404,4.422,4.318,4.318
2025-07-30,4.324,4.386,4.311,4.373
2025-07-31,4.355,4.382,4.326,4.375
2025-08-01,4.384,4.408,4.203,4.219
2025-08-04,4.246,4.257,4.19,4.196
2025-08-05,4.196,4.226,4.188,4.212
2025-08-06,4.219,4.298,4.212,4.228
2025-08-07,4.226,4.262,4.214,4.249
2025-08-08,4.245,4.291,4.242,4.283
2025-08-11,4.273,4.287,4.253,4.285
2025-08-12,4.282,4.333,4.235,4.291
2025-08-13,4.287,4.299,4.222,4.235
2025-08-14,4.227,4.298,4.201,4.285
2025-08-15,4.278,4.332,4.269,4.32
2025-08-18,4.307,4.352,4.289,4.334
2025-08-19,4.331,4.347,4.296,4.307
2025-08-20,4.316,4.325,4.275,4.295
2025-08-21,4.297,4.349,4.291,4.331
2025-08-22,4.324,4.342,4.243,4.257
2025-08-25,4.269,4.297,4.262,4.276
2025-08-26,4.289,4.313,4.247,4.26
2025-08-27,4.264,4.288,4.228,4.234
2025-08-28,4.232,4.25,4.2,4.203
2025-08-29,4.208,4.239,4.207,4.23
2025-09-01,4.239,4.28,4.239,4.247
2025-09-02,4.245,4.306,4.238,4.261
2025-09-03,4.277,4.302,4.199,4.22
2025-09-04,4.218,4.224,4.156,4.16
2025-09-05,4.153,4.165,4.056,4.073
2025-09-08,4.094,4.102,4.038,4.042
2025-09-09,4.049,4.091,4.038,4.086
2025-09-10,4.086,4.096,4.017,4.044
2025-09-11,4.049,4.061,3.986,4.023
2025-09-12,4.027,4.085,4.025,4.068
2025-09-15,4.08,4.091,4.029,4.04
2025-09-16,4.043,4.064,4.019,4.028
2025-09-17,4.031,4.092,3.987,4.091
2025-09-18,4.071,4.138,4.042,4.108
2025-09-19,4.11,4.147,4.106,4.129
2025-09-22,4.143,4.157,4.122,4.15
2025-09-23,4.142,4.152,4.106,4.11
2025-09-24,4.113,4.155,4.099,4.151
2025-09-25,4.141,4.202,4.134,4.172
2025-09-26,4.181,4.198,4.152,4.178
2025-09-29,4.162,4.169,4.134,4.139
2025-09-30,4.145,4.159,4.106,4.152
2025-10-01,4.153,4.169,4.088,4.101
2025-10-02,4.095,4.129,4.083,4.085
2025-10-03,4.09,4.127,4.076,4.124
2025-10-06,4.145,4.171,4.134,4.159
2025-10-07,4.163,4.182,4.117,4.129
2025-10-08,4.134,4.14,4.099,4.124
2025-10-09,4.113,4.157,4.111,4.145
2025-10-10,4.141,4.145,4.034,4.034
2025-10-13,4.081,4.085,4.05,4.052
2025-10-14,4.066,4.066,3.999,4.036
2025-10-15,4.017,4.05,4.001,4.032
2025-10-16,4.025,4.053,3.966,3.976
2025-10-17,3.959,4.02,3.933,4.013
2025-10-20,4.02,4.029,3.98,3.982
2025-10-21,3.99,3.99,3.945,3.964
2025-10-22,3.957,3.978,3.937,3.952
2025-10-23,3.95,4.008,3.945,4.003
2025-10-24,4.001,4.018,3.963,4.004
2025-10-27,4.029,4.045,3.982,3.987
2025-10-28,3.983,4.006,3.97,3.982
2025-10-29,3.98,4.083,3.975,4.078
2025-10-30,4.071,4.118,4.06,4.101
2025-10-31,4.103,4.122,4.079,4.079
2025-11-03,4.097,4.123,4.081,4.113
2025-11-04,4.106,4.109,4.077,4.086
2025-11-05,4.063,4.164,4.062,4.16
2025-11-06,4.15,4.153,4.077,4.088
2025-11-07,4.091,4.113,4.065,4.097
2025-11-10,4.128,4.15,4.097,4.116
2025-11-11,4.12,4.123,4.065,4.072
2025-11-12,4.079,4.095,4.053,4.07
2025-11-13,4.072,4.111,4.056,4.107
2025-11-14,4.104,4.152,4.051,4.15
2025-11-17,4.147,4.15,4.115,4.138
2025-11-18,4.124,4.14,4.08,4.114
2025-11-19,4.121,4.142,4.096,4.14
2025-11-20,4.136,4.168,4.082,4.084
2025-11-21,4.099,4.099,4.033,4.063
2025-11-24,4.063,4.066,4.024,4.024
2025-11-25,4.036,4.043,3.984,3.996
2025-11-26,4.003,4.043,3.991,3.998
2025-11-27,3.998,4.015,3.996,3.999
2025-11-28,4.003,4.034,3.994,4.024
2025-12-01,4.038,4.102,4.034,4.09
2025-12-02,4.088,4.118,4.081,4.088
2025-12-03,4.079,4.088,4.047,4.065
2025-12-04,4.081,4.114,4.076,4.1
2025-12-05,4.089,4.148,4.089,4.14
2025-12-08,4.135,4.196,4.133,4.168
2025-12-09,4.171,4.194,4.143,4.192
2025-12-10,4.183,4.212,4.139,4.155
2025-12-11,4.141,4.162,4.104,4.16
2025-12-12,4.153,4.201,4.151,4.188
2025-12-15,4.182,4.186,4.149,4.174
2025-12-16,4.165,4.197,4.133,4.145
2025-12-17,4.163,4.182,4.14,4.152
2025-12-18,4.142,4.145,4.096,4.121
2025-12-19,4.128,4.154,4.126,4.145
2025-12-22,4.167,4.176,4.154,4.165
2025-12-23,4.156,4.204,4.138,4.165
2025-12-24,4.154,4.17,4.13,4.131
2025-12-26,4.144,4.154,4.107,4.126
2025-12-29,4.126,4.138,4.101,4.111
2025-12-30,4.111,4.143,4.111,4.126
2025-12-31,4.131,4.182,4.104,4.177
